customerID,tenure,Contract,InternetService,MonthlyCharges,TotalCharges,OnlineSecurity,TechSupport,OnlineBackup,DeviceProtection,StreamingTV,StreamingMovies,Churn
0,36,2 year,Cable,52.702243018309,2026.7699864535625,Yes,No,Yes,Yes,Yes,Yes,No
1,67,1 year,Fiber optic,71.08369453926308,1550.2930996155405,Yes,No,Yes,No,Yes,No,No
2,37,1 year,Cable,43.099404687621394,5369.565077743569,Yes,No,Yes,Yes,No,No,No
3,47,Month-to-month,DSL,96.39411389853888,759.1384878810169,Yes,No,No,Yes,Yes,No,No
4,47,1 year,Fiber optic,37.167111170410074,1100.391990277751,No,Yes,Yes,Yes,Yes,Yes,No
5,46,Month-to-month,DSL,105.56928798318052,2720.545561692318,Yes,Yes,No,No,Yes,No,No
6,17,2 year,Fiber optic,37.66341593774805,1314.1332122511847,Yes,No,Yes,No,No,Yes,No
7,12,Month-to-month,Fiber optic,94.91940410257723,917.4645904325193,Yes,No,Yes,No,Yes,No,No
8,40,Month-to-month,DSL,45.59403038406478,7704.149071628271,Yes,Yes,No,No,No,No,No
9,26,2 year,Cable,104.37322425798688,7838.242170637416,Yes,Yes,No,No,Yes,No,No
10,21,2 year,DSL,72.63339113628535,5228.33225552199,Yes,Yes,No,Yes,Yes,Yes,No
11,41,1 year,Fiber optic,108.29657942988773,1804.4504816818708,No,No,No,Yes,Yes,Yes,Yes
12,4,2 year,Fiber optic,100.12783049701778,4887.759822601857,No,No,No,Yes,Yes,Yes,Yes
13,62,1 year,Cable,81.25642738232554,6495.01980547208,No,Yes,Yes,No,Yes,Yes,Yes
14,38,1 year,Cable,53.95624156152767,1490.780982589149,Yes,No,No,No,Yes,Yes,No
15,29,Month-to-month,Fiber optic,110.65989076697956,7556.048721289498,Yes,Yes,No,Yes,No,No,No
16,48,Month-to-month,Fiber optic,94.05987820328886,6588.932016326067,Yes,Yes,No,No,Yes,Yes,Yes
17,48,1 year,Cable,58.45900443162162,7593.77427409634,Yes,Yes,No,No,Yes,Yes,Yes
18,34,1 year,Cable,105.45910733274857,2627.7518564461793,Yes,No,Yes,Yes,No,No,No
19,4,2 year,Cable,106.8101346990661,7697.20012919895,No,No,No,No,No,No,Yes
20,37,2 year,Fiber optic,82.78928896260734,2670.1659713766066,No,No,No,Yes,No,No,No
21,31,2 year,Cable,115.72033498608363,402.3699518675792,No,Yes,No,No,Yes,Yes,Yes
22,36,Month-to-month,Cable,111.00606980324683,2628.932289931677,Yes,No,Yes,No,No,No,No
23,70,2 year,DSL,58.250286962463996,6731.605953165452,No,Yes,Yes,Yes,Yes,Yes,No
24,61,Month-to-month,Fiber optic,91.15332152397804,1409.1707175067354,Yes,Yes,Yes,Yes,No,No,No
25,33,Month-to-month,Fiber optic,31.901242254141742,5707.749455553076,No,Yes,No,No,No,Yes,No
26,46,1 year,DSL,47.146852954795285,5233.103317690879,No,Yes,No,No,Yes,No,No
27,59,1 year,Cable,92.65973900013539,2724.7294229736126,Yes,No,Yes,No,No,Yes,Yes
28,46,2 year,Cable,45.15692278931906,2853.5934737657485,Yes,No,Yes,No,No,No,No
29,48,Month-to-month,Fiber optic,117.21375313165125,2699.805735312162,No,No,Yes,Yes,No,Yes,No
30,36,2 year,DSL,85.21072853940953,1036.6314505890473,No,Yes,No,No,No,No,Yes
31,71,Month-to-month,Cable,119.47142490959472,3303.602183987065,Yes,No,Yes,Yes,No,No,Yes
32,45,1 year,DSL,88.14767338512347,347.26840893185096,No,No,No,Yes,No,No,No
33,6,2 year,Fiber optic,30.5068244270513,6116.181537844578,No,No,No,No,No,Yes,No
34,56,1 year,Fiber optic,101.38896350892337,4668.180050692899,Yes,No,No,No,Yes,Yes,No
35,44,1 year,DSL,99.55412114810233,1177.33354793729,Yes,No,No,Yes,Yes,No,Yes
36,5,1 year,Fiber optic,51.62837031553726,4801.742893716322,No,No,Yes,Yes,No,Yes,Yes
37,47,1 year,Fiber optic,43.7704818400825,7478.988660515114,Yes,Yes,Yes,Yes,No,No,No
38,38,2 year,Cable,34.37817068802172,7470.856677958375,No,No,Yes,No,Yes,No,No
39,14,Month-to-month,Cable,80.46917625418101,2814.959207861924,No,Yes,Yes,Yes,No,No,Yes
40,16,1 year,Fiber optic,21.419080525482276,923.086130112545,Yes,No,No,No,Yes,Yes,Yes
41,62,2 year,DSL,24.519953178136248,7745.802451627896,No,Yes,No,No,No,Yes,No
42,28,2 year,Fiber optic,26.767612263572854,3054.499952853855,No,No,Yes,Yes,Yes,No,Yes
43,59,2 year,DSL,108.08175918059017,5528.514237339354,No,Yes,No,Yes,Yes,No,Yes
44,22,Month-to-month,Fiber optic,24.467875833465527,5027.288692245398,Yes,No,No,No,No,Yes,No
45,49,2 year,Cable,66.27707803346495,4715.786287077595,No,Yes,Yes,Yes,Yes,No,No
46,23,Month-to-month,Fiber optic,33.630423603644594,2186.19279381064,Yes,Yes,Yes,No,Yes,Yes,No
47,25,Month-to-month,Cable,83.43326827670907,4537.589768716252,Yes,Yes,No,No,Yes,No,Yes
48,5,Month-to-month,Cable,112.12945793905688,1943.8874916448674,No,No,Yes,Yes,Yes,Yes,No
49,26,2 year,Fiber optic,32.049936285427954,2417.7676293110094,No,No,Yes,Yes,No,No,No
50,45,2 year,Fiber optic,73.5197243693895,6705.832142146525,No,Yes,Yes,Yes,Yes,No,No
51,13,Month-to-month,Fiber optic,118.11366402329978,2598.298760832535,No,No,Yes,No,Yes,No,Yes
52,45,Month-to-month,DSL,31.87961829341789,4334.241167498542,No,Yes,No,Yes,No,No,No
53,6,1 year,Cable,67.22731780222195,4085.969610059296,Yes,No,Yes,No,No,Yes,No
54,71,1 year,Fiber optic,118.06049944486394,5602.282276465563,Yes,Yes,No,Yes,No,Yes,Yes
55,64,2 year,DSL,118.5118184768473,1440.507556678923,Yes,No,No,No,No,No,No
56,6,1 year,Fiber optic,107.09176614033709,5734.890846969743,No,Yes,Yes,No,No,Yes,No
57,43,Month-to-month,DSL,87.78312130100079,4792.242034890458,Yes,Yes,Yes,Yes,No,No,Yes
58,64,2 year,DSL,88.39065245364313,439.8895539784665,No,Yes,Yes,No,Yes,No,No
59,39,1 year,DSL,72.86548143967657,7027.64171645207,No,Yes,No,Yes,Yes,Yes,No
60,42,2 year,Cable,66.49712984844417,3033.083496431918,No,Yes,No,No,No,Yes,No
61,18,1 year,DSL,84.17305539389037,6700.069778290154,No,No,No,No,No,Yes,No
62,27,1 year,DSL,114.59671967473898,2566.2711313714904,No,No,Yes,No,No,No,No
63,59,2 year,Cable,50.794407860398756,647.0399997995287,No,No,No,Yes,Yes,No,No
64,40,1 year,Fiber optic,45.57064882865452,5221.314250911871,No,Yes,Yes,Yes,No,Yes,No
65,27,Month-to-month,Fiber optic,95.38387929132524,4776.636785811633,No,Yes,Yes,No,Yes,No,No
66,8,1 year,Fiber optic,116.72184934519909,5730.2664612550425,No,Yes,No,Yes,No,Yes,Yes
67,58,1 year,Cable,56.54873284064628,1565.8757268115771,Yes,Yes,Yes,No,No,No,Yes
68,16,1 year,Fiber optic,94.99299256747423,3422.9920633299034,Yes,Yes,Yes,Yes,No,Yes,Yes
69,19,2 year,Fiber optic,25.753907403046444,7145.423928340209,Yes,No,No,No,Yes,No,No
70,61,Month-to-month,Cable,112.96798530085046,7695.751728564781,No,Yes,No,Yes,Yes,No,No
71,6,1 year,DSL,85.27074256637908,5754.472928377325,Yes,Yes,No,No,No,Yes,Yes
72,15,Month-to-month,DSL,21.860061771978426,2042.6618993276086,No,Yes,Yes,Yes,No,Yes,No
73,61,Month-to-month,Fiber optic,81.5140587657233,4736.257313797207,No,No,No,Yes,No,Yes,No
74,40,Month-to-month,Fiber optic,27.26231809354424,7802.735559188133,No,Yes,No,Yes,No,No,Yes
75,5,1 year,Cable,57.06786048889252,4578.323308906415,No,Yes,Yes,Yes,No,No,Yes
76,46,Month-to-month,DSL,103.49143371232009,4419.601131209905,No,Yes,No,Yes,Yes,No,Yes
77,45,2 year,Cable,119.74383595957538,7816.298873366664,No,No,No,No,No,No,No
78,3,Month-to-month,Fiber optic,46.218317091035004,1779.107575921386,Yes,No,Yes,Yes,No,No,No
79,51,Month-to-month,DSL,42.31375543222307,1166.392216701226,No,No,Yes,No,No,No,No
80,7,Month-to-month,Cable,53.328990711022236,2313.842816945628,Yes,Yes,No,No,No,No,No
81,43,Month-to-month,Fiber optic,82.68649278183224,1897.7653411205079,No,No,Yes,No,Yes,Yes,Yes
82,8,2 year,DSL,33.49582034071488,6427.5438100207375,Yes,No,No,Yes,No,Yes,No
83,62,2 year,Cable,43.469954053426754,932.1142515315403,No,No,No,No,Yes,Yes,No
84,13,2 year,Cable,95.11907600306822,6757.3646874732585,Yes,Yes,Yes,No,Yes,Yes,No
85,52,Month-to-month,Cable,102.25028975770094,7649.753242939539,Yes,No,Yes,No,No,Yes,Yes
86,52,2 year,Fiber optic,24.631535206375748,3379.411259199111,Yes,Yes,No,No,Yes,Yes,No
87,44,Month-to-month,DSL,71.13139493543983,5810.288629997203,Yes,No,Yes,Yes,No,No,No
88,13,2 year,DSL,51.25444967279657,5026.003655336611,Yes,Yes,Yes,No,No,Yes,Yes
89,58,2 year,Cable,115.12558085209932,3212.8642580920077,No,Yes,No,No,Yes,No,Yes
90,39,Month-to-month,DSL,48.41822530098192,2970.9339662506372,No,No,Yes,No,No,Yes,No
91,51,Month-to-month,Fiber optic,58.06215871810104,4765.052209914463,Yes,Yes,Yes,Yes,Yes,No,No
92,4,Month-to-month,Fiber optic,70.02682366514894,2095.251010442408,No,No,No,Yes,No,Yes,No
93,47,Month-to-month,Fiber optic,81.61846944843172,270.67778016326463,Yes,Yes,No,No,No,Yes,No
94,69,1 year,DSL,74.97523148502948,4353.06259024829,Yes,No,No,No,No,No,No
95,33,2 year,Cable,28.35359004487699,2301.029269811926,No,Yes,Yes,No,No,No,Yes
96,37,2 year,DSL,39.71062673627176,1715.4197511296863,Yes,Yes,Yes,No,No,No,No
97,21,Month-to-month,Fiber optic,75.13012382663854,3117.861170776117,Yes,No,Yes,Yes,Yes,No,Yes
98,30,Month-to-month,DSL,45.0517383503388,7911.062819672509,No,No,No,No,Yes,Yes,No
99,31,Month-to-month,DSL,66.4984403296994,3587.359124455736,No,Yes,No,No,Yes,Yes,No
100,42,Month-to-month,Fiber optic,43.24164329446261,897.0697290946504,Yes,No,Yes,No,No,No,Yes
101,33,Month-to-month,Cable,63.45389153425256,2777.0034921369606,No,Yes,No,Yes,Yes,No,No
102,66,2 year,Fiber optic,37.55152783179717,3300.255756395206,No,No,No,No,Yes,No,Yes
103,32,2 year,DSL,94.46287319615291,7899.498942203219,No,No,Yes,Yes,Yes,Yes,No
104,42,Month-to-month,Cable,110.42640965686365,6042.5698658097,No,Yes,Yes,Yes,Yes,No,No
105,54,2 year,DSL,105.78987390204246,3441.198261629833,Yes,Yes,No,No,Yes,Yes,No
106,46,2 year,Cable,86.89116706864137,7830.181929222632,No,Yes,Yes,No,Yes,No,Yes
107,69,Month-to-month,DSL,110.62248397178485,2486.012241116145,No,No,No,Yes,Yes,No,No
108,16,2 year,Fiber optic,44.49391831957875,363.93691962883156,Yes,No,No,No,Yes,No,No
109,26,Month-to-month,Cable,34.04584088577801,2331.7511966775137,No,Yes,Yes,No,No,Yes,No
110,70,1 year,DSL,102.51414887868249,5199.54631290154,Yes,Yes,No,Yes,Yes,No,Yes
111,16,1 year,Fiber optic,32.104653541482904,4889.359577165263,Yes,No,Yes,No,Yes,No,No
112,57,1 year,Cable,78.72657060516775,2285.467718651413,Yes,Yes,Yes,No,Yes,Yes,Yes
113,25,2 year,Fiber optic,47.806237721749014,6632.576735212417,Yes,Yes,Yes,No,Yes,Yes,No
114,60,1 year,Fiber optic,50.758412477115336,7058.337871393525,Yes,Yes,Yes,Yes,Yes,No,No
115,43,Month-to-month,Fiber optic,51.52886071278741,6871.2422446281535,No,No,No,No,Yes,Yes,No
116,35,2 year,Fiber optic,48.46650534392761,7172.314553066995,No,No,No,Yes,Yes,Yes,No
117,52,2 year,Cable,99.27302488302861,795.6080442986279,No,No,No,No,Yes,No,Yes
118,34,Month-to-month,Fiber optic,103.02923379199368,2172.194308460557,Yes,No,No,No,No,No,Yes
119,53,2 year,Fiber optic,51.21093067262286,797.0719923222254,No,No,Yes,No,Yes,No,No
120,4,Month-to-month,Fiber optic,24.04371963775646,3309.744409374553,Yes,No,Yes,No,No,Yes,No
121,13,Month-to-month,Fiber optic,58.48685028161874,528.1388803438253,Yes,Yes,Yes,No,No,Yes,No
122,38,1 year,Fiber optic,35.67573837169106,7748.461292170644,Yes,No,No,No,Yes,No,No
123,23,Month-to-month,DSL,21.039853357243715,1716.5772385470932,Yes,Yes,No,No,No,No,No
124,67,Month-to-month,Fiber optic,111.65458389346826,274.94062453272727,Yes,Yes,No,No,Yes,No,Yes
125,66,Month-to-month,DSL,39.960215457631726,599.4474124835457,Yes,Yes,Yes,Yes,No,No,No
126,2,Month-to-month,DSL,62.63010337305953,2488.224630593489,Yes,No,Yes,Yes,Yes,Yes,No
127,68,1 year,Fiber optic,64.62102190956834,3496.59390924972,No,No,Yes,No,Yes,Yes,No
128,52,1 year,Fiber optic,102.14500505263219,2108.971800562355,No,Yes,Yes,No,Yes,Yes,No
129,58,2 year,DSL,48.4362944419414,3444.0028175910643,No,No,No,Yes,No,Yes,Yes
130,12,2 year,Fiber optic,32.15664063023239,5443.351617249817,Yes,Yes,No,No,Yes,No,No
131,71,Month-to-month,Fiber optic,83.6779684275878,5762.638189726607,Yes,No,No,Yes,Yes,No,No
132,34,Month-to-month,DSL,56.96677003548409,4993.810750050263,No,No,Yes,Yes,Yes,No,Yes
133,30,1 year,Fiber optic,113.35195882731989,1203.9459432651274,Yes,No,No,No,Yes,Yes,Yes
134,6,1 year,Fiber optic,33.591852141171955,191.79069552662006,No,No,No,Yes,Yes,Yes,No
135,32,1 year,DSL,106.3595217656565,1532.5098997756177,Yes,No,No,No,No,Yes,Yes
136,46,Month-to-month,DSL,113.23207458091267,1696.1453333545708,Yes,Yes,Yes,No,Yes,Yes,No
137,30,Month-to-month,Fiber optic,78.32179542812055,7302.789496485901,Yes,Yes,Yes,No,Yes,Yes,No
138,48,1 year,DSL,47.64622538994084,1661.982774121517,Yes,No,Yes,No,No,No,Yes
139,57,2 year,DSL,31.98153625585281,4649.890790075114,No,No,No,No,No,Yes,No
140,24,1 year,Cable,76.46829459561876,5460.282946464616,No,Yes,Yes,No,No,Yes,No
141,61,2 year,Cable,92.62268141395154,225.0302406629045,Yes,Yes,Yes,Yes,No,No,No
142,43,1 year,Cable,85.83211454985778,5585.41002510397,No,No,Yes,No,No,Yes,Yes
143,9,Month-to-month,Cable,38.01816989509574,6051.569604293735,Yes,Yes,No,Yes,Yes,No,No
144,8,1 year,Cable,102.75348496101965,1684.9299672045456,Yes,Yes,Yes,No,Yes,No,No
145,37,2 year,Fiber optic,118.69562016339226,5016.170352842966,Yes,Yes,Yes,No,No,Yes,Yes
146,15,Month-to-month,Cable,59.392314578140166,6969.258761943125,No,Yes,No,No,Yes,Yes,No
147,37,2 year,DSL,77.09493832706727,5718.596801699974,Yes,No,No,Yes,Yes,No,No
148,16,1 year,Fiber optic,97.47522186497883,4654.696750516822,Yes,Yes,No,No,No,Yes,No
149,29,Month-to-month,Cable,78.09546504485819,3260.4577647583587,Yes,No,No,No,No,Yes,No
150,21,1 year,Fiber optic,42.691732386882805,1294.3521657366346,Yes,Yes,Yes,Yes,No,Yes,No
151,23,2 year,Fiber optic,92.12373932476575,151.56433760982176,No,Yes,No,Yes,No,No,Yes
152,53,Month-to-month,Fiber optic,69.7730940363177,4996.975995329892,Yes,Yes,No,Yes,No,No,No
153,13,1 year,Cable,115.34995765825091,1556.8035683104192,No,No,Yes,No,No,No,No
154,30,2 year,DSL,25.54866813005035,6059.137237891986,Yes,Yes,Yes,Yes,Yes,Yes,No
155,45,1 year,Cable,116.40396988797482,7800.6820016168385,Yes,No,No,No,Yes,Yes,Yes
156,64,1 year,Fiber optic,56.174057471569164,851.1769874667782,No,Yes,Yes,Yes,Yes,No,No
157,65,Month-to-month,Cable,54.48219984653028,7954.99832096885,Yes,Yes,No,Yes,Yes,No,Yes
158,71,1 year,Fiber optic,47.46666796875452,2221.0637457365065,Yes,No,No,Yes,No,Yes,No
159,27,2 year,Cable,33.78208425514879,1033.5816543539668,Yes,Yes,No,No,No,No,No
160,5,1 year,Fiber optic,52.77112574023753,4428.137420179596,No,Yes,Yes,No,Yes,Yes,Yes
161,2,1 year,DSL,73.36154964159913,3576.3887273504197,No,No,No,Yes,Yes,Yes,No
162,64,2 year,Cable,87.08910505831923,6878.963442010604,Yes,No,Yes,No,Yes,Yes,No
163,27,2 year,Fiber optic,41.13087957597071,492.67053843046904,Yes,Yes,No,No,No,Yes,No
164,4,2 year,DSL,44.89272976106823,725.0221262191855,Yes,No,Yes,Yes,No,Yes,No
165,61,Month-to-month,Fiber optic,30.143145266155095,6010.937573126686,No,No,Yes,Yes,No,Yes,No
166,55,1 year,Fiber optic,24.091167370472682,5324.718451911685,No,No,Yes,Yes,No,Yes,No
167,10,1 year,DSL,31.690152885061465,1359.0669604277737,No,No,Yes,No,Yes,Yes,No
168,43,1 year,DSL,89.43042425069196,5971.205781220544,Yes,Yes,Yes,No,No,No,No
169,22,1 year,Cable,80.6094369704493,4881.582495569127,Yes,No,Yes,Yes,No,No,Yes
170,52,2 year,Cable,20.834538335298273,3577.099292382482,No,No,Yes,No,Yes,Yes,No
171,15,1 year,Fiber optic,86.23793253204036,3245.2769331234476,No,Yes,Yes,No,No,No,No
172,47,1 year,DSL,36.584023960400685,4780.036074525129,Yes,Yes,No,Yes,No,No,No
173,51,2 year,Fiber optic,103.94708851752557,6642.846958925601,No,Yes,No,Yes,Yes,Yes,No
174,57,1 year,DSL,34.72015791656953,4732.961499221585,Yes,No,Yes,Yes,Yes,Yes,Yes
175,63,1 year,Cable,91.62430052909737,3488.8011046887195,Yes,Yes,Yes,No,No,No,No
176,62,2 year,Cable,115.77722365905083,356.60123428742645,Yes,Yes,Yes,Yes,Yes,Yes,Yes
177,17,Month-to-month,Fiber optic,67.49421369041417,6789.429278259525,Yes,No,No,No,No,No,Yes
178,17,2 year,Fiber optic,25.25464724588618,6805.628416646727,No,Yes,No,No,Yes,Yes,No
179,44,1 year,DSL,55.65751813448282,4473.562207190572,Yes,Yes,No,Yes,Yes,Yes,No
180,48,1 year,DSL,78.71780621620361,1284.9158840449281,No,No,Yes,Yes,Yes,No,Yes
181,34,2 year,DSL,39.97853615298472,6231.74348596988,No,No,No,No,No,No,Yes
182,18,2 year,DSL,25.3923942466778,580.4622556897152,Yes,Yes,Yes,Yes,Yes,No,No
183,11,1 year,Fiber optic,56.93875248731581,7364.908689491996,No,Yes,Yes,No,Yes,No,No
184,35,1 year,Cable,106.18492519938292,2280.866329811759,Yes,No,Yes,Yes,No,No,No
185,14,Month-to-month,DSL,68.17489244936854,2920.971299898688,Yes,Yes,No,No,Yes,Yes,No
186,12,2 year,Cable,107.82166035306705,3853.123847837364,No,No,Yes,No,No,Yes,Yes
187,51,2 year,Cable,112.91522428552219,4065.686914867761,No,Yes,No,No,Yes,No,No
188,45,1 year,DSL,40.52196323588243,1716.424203938064,Yes,Yes,Yes,Yes,Yes,Yes,No
189,65,1 year,Cable,32.963671229111796,7668.997458564258,Yes,Yes,No,No,No,No,No
190,1,Month-to-month,Fiber optic,62.94985550281068,6961.574582820728,No,Yes,Yes,Yes,Yes,No,No
191,44,Month-to-month,Fiber optic,51.308902547853165,3960.6872817736216,No,Yes,No,Yes,No,No,Yes
192,54,Month-to-month,DSL,93.86633312348515,6420.676701592542,No,Yes,Yes,No,Yes,Yes,Yes
193,19,2 year,DSL,34.99794059697178,2378.0965101283887,No,Yes,Yes,Yes,No,No,Yes
194,25,1 year,Cable,60.72439723324276,566.2068200802145,Yes,No,No,Yes,Yes,Yes,No
195,42,1 year,DSL,73.16819168885701,2283.3512348493646,Yes,Yes,Yes,No,No,Yes,No
196,18,1 year,DSL,42.17779995263508,1964.2796610404264,No,Yes,Yes,No,Yes,Yes,No
197,63,2 year,Fiber optic,70.61962732346853,3551.9372499292294,No,Yes,No,Yes,Yes,Yes,Yes
198,47,2 year,Cable,39.39934907122137,3220.4282186111805,No,No,No,Yes,No,Yes,No
199,67,2 year,Cable,55.77887585489542,7794.839303926923,Yes,Yes,Yes,No,No,No,No
200,34,1 year,DSL,74.42364140607037,2221.7864613597153,No,Yes,No,No,Yes,No,No
201,69,Month-to-month,DSL,62.858189218406906,6841.688953691605,Yes,No,Yes,Yes,No,No,Yes
202,49,1 year,Fiber optic,85.92976679240664,166.42120168697582,Yes,No,No,No,No,No,No
203,66,2 year,DSL,43.801576396526755,2183.763700960962,Yes,Yes,Yes,No,No,Yes,No
204,30,Month-to-month,Fiber optic,62.930902761712765,4900.779555890917,Yes,Yes,Yes,No,No,No,No
205,11,2 year,Cable,23.828304826589534,479.5020729670628,No,Yes,Yes,Yes,Yes,Yes,No
206,12,1 year,Fiber optic,115.43775846932454,2851.034985359662,Yes,Yes,Yes,Yes,No,Yes,Yes
207,41,1 year,Cable,96.51355419953214,1425.4351945037927,No,Yes,No,No,Yes,No,Yes
208,39,2 year,Cable,107.98787921130962,244.31711317128293,Yes,Yes,No,No,No,No,No
209,3,1 year,DSL,86.83559241562243,184.5961395708348,No,Yes,No,No,No,Yes,Yes
210,63,2 year,Cable,69.44899434822538,4466.474809932308,Yes,Yes,No,No,No,No,No
211,39,1 year,Fiber optic,81.74634076870466,3452.073403477269,Yes,Yes,Yes,Yes,No,No,No
212,48,2 year,Cable,89.74252361625702,804.3657921415931,Yes,Yes,No,Yes,No,No,No
213,19,2 year,Fiber optic,110.71285757145783,5424.138574185784,Yes,Yes,Yes,Yes,No,No,Yes
214,32,2 year,Cable,32.02991448496504,720.2193851071735,No,Yes,Yes,Yes,Yes,Yes,Yes
215,59,2 year,Fiber optic,53.672577533011996,2718.655181783244,Yes,Yes,Yes,No,Yes,Yes,No
216,15,2 year,Cable,37.897692540149144,3269.8491518096694,No,Yes,No,Yes,No,Yes,No
217,61,2 year,DSL,118.23293630117453,1565.0559028212674,Yes,Yes,No,Yes,Yes,Yes,Yes
218,69,2 year,Fiber optic,108.38033364515235,2994.507268834488,Yes,Yes,No,Yes,No,Yes,No
219,62,Month-to-month,DSL,40.966049436922255,5278.184138195577,Yes,Yes,No,Yes,No,No,No
220,33,Month-to-month,Cable,60.855181048978,1071.8011743528846,Yes,No,No,Yes,No,No,No
221,39,Month-to-month,Fiber optic,53.766322860645445,6052.486079587363,No,No,No,Yes,Yes,Yes,No
222,10,Month-to-month,Fiber optic,108.70222078497162,4438.873363091202,No,No,Yes,Yes,Yes,No,No
223,56,1 year,Fiber optic,28.240678278859757,6601.003481702495,No,No,No,Yes,Yes,Yes,No
224,58,2 year,Fiber optic,119.99539762700705,3960.3160632781114,No,No,No,Yes,No,Yes,Yes
225,16,Month-to-month,Fiber optic,65.03296990192756,2259.3435032069565,No,Yes,Yes,Yes,No,Yes,No
226,40,1 year,Cable,37.76245543401943,5388.294351099904,No,Yes,Yes,No,Yes,No,No
227,55,Month-to-month,Cable,58.6333936505882,3802.252099127941,No,No,Yes,Yes,Yes,Yes,Yes
228,70,Month-to-month,Fiber optic,28.053165966447583,3857.38033296458,Yes,Yes,Yes,Yes,No,Yes,No
229,37,1 year,Fiber optic,84.56153415286929,2478.568288271315,Yes,No,Yes,Yes,No,Yes,No
230,35,1 year,DSL,106.05997949012863,584.9270718882702,No,No,Yes,Yes,No,No,Yes
231,34,Month-to-month,Fiber optic,87.90871998536089,4792.896748919331,No,Yes,No,Yes,Yes,Yes,Yes
232,49,1 year,DSL,81.75366367358095,1795.9839717791676,Yes,Yes,Yes,No,Yes,Yes,No
233,55,1 year,Cable,111.6730512583555,5095.854389437013,Yes,Yes,No,Yes,No,No,Yes
234,50,1 year,Fiber optic,110.69213335341642,6502.502801546115,No,Yes,Yes,No,Yes,No,No
235,69,1 year,DSL,112.42868483879056,3957.6311815475137,No,No,No,No,Yes,Yes,Yes
236,70,2 year,Cable,44.12806288754097,6891.114112555257,No,No,No,Yes,Yes,Yes,No
237,42,1 year,Fiber optic,84.92492604950341,1562.8482751763304,No,Yes,Yes,Yes,Yes,Yes,No
238,45,1 year,DSL,84.41311917831914,1855.2879524596176,No,Yes,No,No,Yes,No,Yes
239,39,Month-to-month,Cable,78.7123983141129,4533.7918087854905,Yes,No,Yes,Yes,Yes,No,No
240,49,1 year,DSL,46.21882479705315,6422.036048583912,No,No,Yes,No,No,Yes,Yes
241,38,1 year,DSL,91.5319775552539,818.2126797106616,No,No,No,Yes,No,No,No
242,20,Month-to-month,Cable,57.075145430721655,3781.1363540706066,Yes,No,Yes,Yes,Yes,No,No
243,68,Month-to-month,Fiber optic,104.05243834243639,1504.6192354764567,Yes,No,No,Yes,Yes,Yes,No
244,40,Month-to-month,Fiber optic,53.46566949262753,4881.475843888258,No,No,No,Yes,Yes,Yes,No
245,33,Month-to-month,Cable,26.18153570054092,663.9473328290852,No,Yes,No,No,No,Yes,No
246,70,1 year,Fiber optic,113.1573322732992,3857.3149926916403,No,Yes,Yes,No,Yes,No,No
247,52,2 year,Cable,36.70122907186376,1030.0623194489133,Yes,Yes,Yes,Yes,No,No,No
248,25,2 year,Fiber optic,68.84634278581385,1473.8558996723257,Yes,Yes,Yes,Yes,Yes,Yes,No
249,38,1 year,DSL,72.65314282408309,7507.777773822453,No,No,Yes,No,Yes,Yes,No
250,30,1 year,DSL,68.08246373421771,7649.677725269601,Yes,Yes,No,Yes,Yes,Yes,No
251,47,1 year,DSL,97.83634751407769,3507.9636283099785,Yes,No,No,Yes,No,Yes,No
252,16,Month-to-month,DSL,73.918824251408,312.0303331579494,No,Yes,No,Yes,No,Yes,No
253,6,Month-to-month,Cable,106.57747680596427,3744.5321850210607,Yes,Yes,Yes,No,Yes,Yes,No
254,5,2 year,DSL,66.69791363466945,1643.556912829793,No,No,Yes,No,Yes,Yes,Yes
255,51,2 year,DSL,58.162939473602705,5428.184234861112,No,No,Yes,Yes,Yes,Yes,No
256,31,2 year,Cable,61.07130492976727,3376.0823541216014,No,No,Yes,No,No,Yes,No
257,59,2 year,Fiber optic,29.450292544477577,6566.305461024076,Yes,No,Yes,No,Yes,Yes,No
258,23,1 year,DSL,61.7627723414689,3691.351161388253,Yes,Yes,No,No,No,Yes,No
259,45,Month-to-month,Fiber optic,23.741133462811863,6352.222061772511,Yes,Yes,Yes,No,Yes,No,No
260,67,Month-to-month,Cable,24.97813739322447,1196.7439450463687,No,No,Yes,No,No,No,No
261,30,2 year,Fiber optic,39.15142372911565,7239.99836181398,No,Yes,Yes,Yes,No,Yes,No
262,66,Month-to-month,Fiber optic,75.7847730626507,6547.949211367265,No,No,Yes,Yes,Yes,No,Yes
263,1,Month-to-month,Cable,79.01769590985366,4032.913637120164,Yes,No,No,Yes,No,No,No
264,11,1 year,Fiber optic,90.35316393454944,5104.658665184714,No,Yes,Yes,Yes,No,Yes,No
265,20,Month-to-month,DSL,63.38213093362969,5930.449471912659,No,No,Yes,Yes,Yes,No,Yes
266,16,Month-to-month,DSL,91.40358014750883,2029.524658840066,Yes,No,Yes,No,No,No,No
267,50,2 year,DSL,60.51530135695578,4536.962521894227,No,Yes,Yes,Yes,No,Yes,No
268,49,2 year,Cable,61.866636654642356,7420.340085920252,No,Yes,Yes,Yes,No,No,No
269,4,1 year,DSL,34.648434790728125,4287.93503088253,Yes,Yes,No,Yes,Yes,No,No
270,32,1 year,Fiber optic,37.25916862965667,1983.9829759682227,Yes,Yes,Yes,Yes,Yes,Yes,No
271,7,1 year,Cable,27.91475427252871,7540.853520924389,No,No,Yes,Yes,Yes,No,Yes
272,17,2 year,DSL,37.91905733395722,2832.673181895082,No,No,Yes,No,Yes,Yes,No
273,28,Month-to-month,DSL,94.6398638386592,1799.6402178392232,No,No,Yes,No,Yes,No,No
274,11,1 year,DSL,68.23404563563443,4211.534981546053,No,No,No,No,No,No,No
275,66,Month-to-month,Cable,103.04072510343927,5234.69365321521,Yes,No,No,Yes,No,Yes,No
276,34,2 year,Cable,24.742427574374698,7001.711243787337,No,No,No,Yes,No,Yes,No
277,13,1 year,Fiber optic,56.23631052136963,6905.862179522734,No,No,Yes,No,No,No,No
278,4,2 year,Cable,103.27953482603839,3478.77135565781,Yes,Yes,No,No,Yes,No,Yes
279,6,2 year,Fiber optic,116.0539074854797,3620.691966368484,No,Yes,Yes,No,Yes,No,Yes
280,61,1 year,DSL,74.01915246276054,4260.095398069147,Yes,Yes,No,No,No,Yes,Yes
281,66,1 year,DSL,33.72824823209534,6637.549883708015,Yes,No,Yes,No,No,No,Yes
282,22,2 year,Fiber optic,111.52831595391847,5798.928421866673,No,Yes,No,No,No,No,No
283,27,2 year,DSL,45.58203307664214,2977.023691590383,Yes,Yes,No,No,No,No,No
284,38,1 year,Cable,117.67553643383519,7892.824534989923,No,No,Yes,Yes,Yes,No,Yes
285,5,Month-to-month,DSL,78.61397375831598,7302.821433757224,No,No,No,No,No,Yes,No
286,66,1 year,DSL,73.40196499395972,7380.182831514462,No,No,No,No,No,No,No
287,3,2 year,DSL,60.29350486439082,2317.1664949766478,No,No,Yes,No,Yes,Yes,No
288,36,1 year,Cable,90.64126312287588,6669.716552867271,Yes,Yes,No,No,Yes,No,No
289,20,Month-to-month,DSL,116.89776634047504,5215.557688777612,No,No,No,No,No,No,No
290,34,Month-to-month,DSL,102.52795557292562,6491.267463871502,Yes,No,Yes,No,Yes,No,No
291,64,Month-to-month,Cable,68.48008547380813,4137.3828707422535,No,Yes,No,No,No,Yes,No
292,21,1 year,Cable,82.85820345158263,2899.3887434770563,Yes,No,Yes,Yes,No,Yes,No
293,59,Month-to-month,Fiber optic,93.08713515007067,1384.2063339223698,Yes,Yes,No,No,No,Yes,No
294,25,Month-to-month,Fiber optic,39.142244840684754,5809.511154978242,Yes,Yes,Yes,No,No,No,No
295,18,1 year,DSL,59.519976482511765,2867.7329227814057,Yes,No,No,No,No,No,No
296,11,1 year,Fiber optic,53.30456164106177,6376.145628193776,Yes,No,Yes,No,Yes,No,No
297,6,2 year,Fiber optic,88.08715251015805,3638.947804801939,Yes,No,No,Yes,Yes,No,No
298,45,1 year,Fiber optic,86.3725625726855,1665.145566408561,No,Yes,No,No,Yes,No,Yes
299,23,Month-to-month,DSL,102.23660709340834,6054.613143563358,Yes,No,Yes,Yes,Yes,No,Yes
300,31,1 year,Cable,22.58020230271817,1222.067364420889,No,Yes,Yes,No,Yes,No,No
301,53,Month-to-month,DSL,20.094776346699433,5202.751102316718,No,No,Yes,Yes,No,Yes,No
302,9,Month-to-month,Cable,44.90177560673344,2778.4337818056006,No,Yes,Yes,No,No,Yes,No
303,12,2 year,DSL,97.0634839796035,5605.271109102709,Yes,No,Yes,Yes,Yes,Yes,No
304,5,1 year,Fiber optic,60.222832556740805,1594.1759719147299,No,Yes,No,No,Yes,No,No
305,18,1 year,DSL,97.78036403954644,4373.956763055677,No,No,Yes,No,No,No,Yes
306,52,Month-to-month,DSL,101.36318427463871,5853.590768705293,No,No,No,Yes,Yes,No,No
307,2,Month-to-month,DSL,39.17917693106095,7969.567349284642,Yes,Yes,No,No,Yes,Yes,No
308,59,1 year,Cable,75.97556413878777,1527.055458387766,Yes,Yes,No,Yes,Yes,Yes,Yes
309,6,1 year,Cable,32.54080104277631,6898.517930325377,No,No,No,No,No,No,No
310,25,1 year,Cable,106.39252723788907,307.4443590472409,No,No,Yes,Yes,Yes,No,Yes
311,44,1 year,Fiber optic,86.9034467647662,2047.5767879367397,No,No,Yes,Yes,No,Yes,No
312,62,2 year,DSL,96.02271073238394,136.13521867995735,No,No,No,Yes,Yes,No,No
313,28,Month-to-month,Cable,61.967105278983574,7901.453178703518,No,Yes,Yes,No,Yes,No,No
314,32,1 year,Fiber optic,75.95712242240864,309.48877682975234,Yes,Yes,Yes,No,No,No,Yes
315,71,Month-to-month,DSL,72.87235745488806,5124.624516505194,No,Yes,Yes,Yes,Yes,Yes,No
316,32,2 year,Cable,56.0915843315325,5657.877047398701,Yes,No,Yes,No,No,Yes,No
317,9,2 year,Fiber optic,39.38696064262352,5482.415860576665,No,Yes,No,Yes,Yes,No,Yes
318,35,1 year,DSL,98.77528719791572,7231.841184140715,No,No,Yes,No,Yes,No,No
319,8,1 year,Cable,102.57096165325231,6181.684233055813,Yes,No,No,No,Yes,Yes,Yes
320,47,2 year,Fiber optic,74.64487717223352,3137.663001079441,Yes,No,No,No,No,No,No
321,28,Month-to-month,Cable,55.952326822342265,3886.780316759664,No,Yes,No,No,Yes,No,No
322,6,1 year,Fiber optic,115.45975255050277,5467.392105724619,No,No,Yes,No,No,No,No
323,68,Month-to-month,DSL,28.23237739938897,6278.562031366557,Yes,No,No,Yes,No,Yes,No
324,56,2 year,DSL,56.54618285116374,585.5198424956378,Yes,No,No,Yes,No,No,No
325,56,1 year,Fiber optic,94.6208805571818,6440.2284900331515,Yes,Yes,Yes,No,Yes,No,No
326,50,2 year,Cable,117.2691140825493,3031.181153913342,Yes,No,No,No,No,Yes,No
327,58,Month-to-month,Cable,92.978394320706,767.7117698046328,No,No,Yes,Yes,No,Yes,No
328,41,1 year,Fiber optic,81.91282831398965,4517.877326172956,Yes,No,Yes,Yes,No,Yes,No
329,21,1 year,Cable,72.80057877254222,7302.022261455361,No,No,No,Yes,Yes,No,Yes
330,11,2 year,Cable,86.38820287140602,2235.581217969124,Yes,Yes,No,No,No,Yes,No
331,32,1 year,DSL,49.81517364756899,4912.860780808368,No,No,No,No,No,No,No
332,17,2 year,DSL,29.145359640900374,6425.683664584969,Yes,No,Yes,Yes,No,No,No
333,58,2 year,DSL,40.73775076779588,310.9901285946916,Yes,Yes,Yes,Yes,Yes,No,Yes
334,66,Month-to-month,Cable,47.79626071109861,696.8673506485117,Yes,No,No,No,No,Yes,No
335,34,1 year,Cable,79.44612999419489,2844.655933305117,Yes,No,No,Yes,No,No,No
336,58,Month-to-month,Cable,58.52722131605688,3650.606380338594,Yes,Yes,Yes,No,Yes,No,No
337,47,1 year,DSL,68.54268243851529,2853.7838187525504,Yes,No,Yes,Yes,No,Yes,No
338,27,2 year,Cable,36.678941576428144,6717.604421303663,Yes,No,Yes,Yes,Yes,Yes,Yes
339,43,1 year,Fiber optic,89.97812028471186,6731.961767141078,No,No,Yes,Yes,Yes,No,Yes
340,54,2 year,Fiber optic,97.00233725641154,1475.7635067069707,No,Yes,Yes,No,No,Yes,Yes
341,53,1 year,DSL,56.23473665216266,881.2393506423316,Yes,No,Yes,Yes,No,Yes,Yes
342,53,1 year,Cable,115.7691390894858,1650.1062621950246,No,No,No,No,Yes,No,Yes
343,11,Month-to-month,Fiber optic,54.77815036779322,5887.389923340313,No,No,Yes,Yes,No,No,No
344,34,2 year,DSL,111.09011694826404,2295.8492229728463,Yes,No,No,No,Yes,Yes,No
345,68,2 year,Cable,77.98313723842497,4039.389065474171,No,Yes,No,Yes,No,Yes,No
346,31,Month-to-month,DSL,111.86570815035923,6975.115219835069,No,No,Yes,Yes,Yes,Yes,No
347,34,Month-to-month,Cable,82.27195800495086,1625.5771963930592,No,Yes,Yes,No,Yes,No,No
348,53,Month-to-month,Cable,63.20686006734763,6768.051532586054,No,No,No,No,No,No,No
349,70,1 year,Cable,29.67941593546916,4429.91189172434,No,No,No,No,No,No,No
350,31,2 year,DSL,87.13654319590341,1243.6219901082661,Yes,Yes,Yes,Yes,No,Yes,Yes
351,12,2 year,DSL,97.62225514192187,7348.929363235023,Yes,Yes,Yes,No,Yes,Yes,Yes
352,65,2 year,Cable,83.93050176455091,4709.700652240615,No,No,Yes,No,No,No,No
353,30,2 year,Cable,32.196761378678055,4855.19777124503,Yes,Yes,No,No,No,No,No
354,19,1 year,Fiber optic,105.41755350690262,2715.787931474172,Yes,Yes,Yes,No,No,No,Yes
355,43,Month-to-month,Fiber optic,70.95753462047678,5615.393350317698,Yes,No,No,Yes,Yes,No,No
356,71,2 year,Cable,40.91855716556276,6279.055330204523,No,No,Yes,Yes,Yes,Yes,No
357,1,Month-to-month,DSL,96.08832746018524,2644.500359576115,Yes,Yes,No,No,Yes,Yes,Yes
358,18,1 year,DSL,30.01372517105301,5382.972012306363,Yes,No,Yes,No,Yes,No,Yes
359,63,1 year,DSL,66.9064295336051,3049.442555537455,Yes,Yes,No,Yes,No,Yes,No
360,54,Month-to-month,Cable,65.48003767378226,2224.6165574809024,No,No,No,No,Yes,No,No
361,23,Month-to-month,Cable,75.04980028670376,1216.5690758738078,Yes,No,No,Yes,No,Yes,No
362,16,Month-to-month,Cable,31.421631955769197,2160.364613361765,No,Yes,No,No,No,Yes,No
363,36,1 year,Cable,101.75476540666132,2049.300336576659,Yes,Yes,No,No,No,No,Yes
364,15,1 year,DSL,110.55398317217276,1974.7055537963113,No,No,No,No,No,Yes,Yes
365,37,Month-to-month,Cable,37.8872920651453,3153.0095855384693,No,No,Yes,No,No,Yes,No
366,32,2 year,Cable,37.7090530018332,2710.6469256917685,Yes,Yes,No,No,No,Yes,No
367,5,Month-to-month,Fiber optic,79.59412891154282,5848.753328354867,No,Yes,Yes,Yes,No,Yes,No
368,4,Month-to-month,Cable,87.463422890511,764.7765327756118,No,No,No,No,No,No,No
369,61,1 year,Cable,91.52947839442164,238.49745579291937,No,Yes,Yes,Yes,No,Yes,Yes
370,25,1 year,Cable,59.25328859276169,5680.219844561742,Yes,Yes,No,Yes,Yes,No,No
371,56,1 year,Fiber optic,95.65527502360308,4158.107844983291,No,Yes,Yes,Yes,Yes,Yes,Yes
372,28,1 year,Fiber optic,23.419907204596907,6238.263405656572,No,No,Yes,Yes,No,Yes,No
373,5,Month-to-month,DSL,107.6878584045411,6592.365286924834,No,No,Yes,No,No,No,Yes
374,60,Month-to-month,Cable,46.23722709787488,3763.9773067003857,No,No,Yes,No,Yes,No,Yes
375,26,1 year,DSL,92.6106147846947,7169.455645194323,Yes,No,No,Yes,No,No,No
376,59,Month-to-month,DSL,54.1281120551547,7939.775705974958,No,No,No,No,No,No,No
377,49,2 year,Fiber optic,45.81379078223548,3197.6130886744822,Yes,No,Yes,No,Yes,No,No
378,6,Month-to-month,DSL,59.57084701626776,3052.9952049817007,Yes,Yes,No,Yes,Yes,No,Yes
379,31,2 year,Cable,61.11894062754294,678.8587472974365,No,No,Yes,Yes,No,Yes,No
380,68,2 year,Fiber optic,20.828289877866194,944.6090372283791,No,No,No,Yes,Yes,No,No
381,11,2 year,Fiber optic,82.6282816694347,6781.177253974328,No,Yes,Yes,No,No,No,Yes
382,3,1 year,DSL,20.676031391709607,2375.615508149321,Yes,Yes,Yes,Yes,Yes,Yes,No
383,10,2 year,Cable,90.27966748052947,2078.1484731040273,Yes,Yes,Yes,Yes,Yes,No,No
384,12,1 year,Fiber optic,66.77419601039959,117.08761831244277,No,No,No,Yes,No,Yes,No
385,24,Month-to-month,Cable,30.450787137507646,3517.673064638696,Yes,Yes,Yes,Yes,No,Yes,No
386,11,1 year,DSL,56.1257335243809,584.6631978489996,Yes,No,No,Yes,No,Yes,No
387,17,2 year,Cable,23.312684288065626,7529.951494380246,No,No,Yes,Yes,Yes,Yes,No
388,30,2 year,Fiber optic,50.158230598068755,7939.192088855261,No,No,No,Yes,No,No,No
389,32,2 year,Fiber optic,72.37207401481255,1394.9623635226171,No,No,No,Yes,Yes,No,No
390,30,Month-to-month,Cable,102.68069183036518,394.61238549063063,No,No,Yes,No,Yes,Yes,No
391,35,2 year,Cable,88.13105756628427,2687.9614193238704,No,No,No,Yes,Yes,No,No
392,9,Month-to-month,Fiber optic,93.12434150016011,809.4314658412568,Yes,Yes,No,Yes,Yes,Yes,No
393,17,Month-to-month,DSL,59.184626330603514,5733.7532108119285,No,Yes,No,Yes,Yes,No,No
394,58,2 year,Fiber optic,89.76062772461097,4786.985945182264,No,No,Yes,Yes,Yes,Yes,Yes
395,58,Month-to-month,Cable,20.65119314976686,6745.356512088346,No,No,No,No,No,Yes,No
396,60,2 year,DSL,90.62477462620488,6240.346678221459,No,No,No,No,Yes,Yes,No
397,15,Month-to-month,Cable,104.31341707077739,5723.544148356404,Yes,Yes,Yes,Yes,Yes,No,No
398,51,Month-to-month,Fiber optic,114.27483075676312,2089.3555080615356,No,Yes,Yes,Yes,Yes,Yes,No
399,27,2 year,Fiber optic,118.86030865950417,1420.3848962881368,Yes,Yes,No,No,No,Yes,No
400,3,Month-to-month,Fiber optic,30.147209984938065,2579.9567289534675,Yes,No,Yes,No,No,Yes,No
401,37,Month-to-month,Cable,66.13064372298591,4260.776892723935,No,No,Yes,Yes,Yes,No,No
402,71,Month-to-month,DSL,79.93091659573773,6862.199033158806,No,No,Yes,No,Yes,No,No
403,25,Month-to-month,Fiber optic,113.4351491434135,4177.594614700199,Yes,Yes,Yes,No,Yes,Yes,No
404,5,2 year,DSL,109.63192046055448,981.923099900782,Yes,No,No,Yes,Yes,Yes,No
405,51,1 year,Fiber optic,63.917898757587906,2683.448257015885,No,No,No,No,No,Yes,No
406,62,1 year,DSL,108.42503226663754,3255.000831353378,No,Yes,Yes,No,Yes,Yes,No
407,52,1 year,Cable,43.14769711350605,189.4495372939009,Yes,Yes,Yes,No,No,No,No
408,65,Month-to-month,Cable,64.56645770145506,3933.16121366989,Yes,Yes,Yes,Yes,No,No,No
409,61,2 year,DSL,75.54764187601906,3249.3834057045524,No,No,No,Yes,No,Yes,No
410,67,2 year,Fiber optic,27.221783786587878,5816.516162269375,Yes,Yes,Yes,Yes,No,Yes,No
411,55,2 year,DSL,45.22628579663602,4436.438311894906,No,Yes,No,No,No,Yes,No
412,63,Month-to-month,Cable,82.33487345197447,1964.2901392760964,Yes,No,No,No,No,Yes,Yes
413,37,2 year,DSL,105.01657477575834,351.7372675524643,Yes,No,Yes,Yes,Yes,Yes,Yes
414,40,2 year,Cable,78.04033548307493,7601.177514323663,No,Yes,No,Yes,Yes,No,Yes
415,19,1 year,DSL,46.063235670289146,4794.257801674212,Yes,No,No,Yes,Yes,Yes,No
416,60,Month-to-month,DSL,74.67651755529982,1221.0485213810834,No,Yes,Yes,No,No,Yes,No
417,24,2 year,Fiber optic,92.3075004260997,5610.066592917216,No,Yes,No,Yes,No,Yes,No
418,14,1 year,Cable,32.29950709495411,2257.9220797147714,No,No,Yes,Yes,No,Yes,No
419,20,Month-to-month,DSL,111.95628549951945,3804.864538709266,Yes,Yes,Yes,No,Yes,No,No
420,47,Month-to-month,Fiber optic,35.972990868652445,3764.47709907744,No,Yes,No,Yes,Yes,No,No
421,29,2 year,Fiber optic,111.0379255636589,6426.350438172575,Yes,No,No,No,No,Yes,No
422,55,1 year,Cable,112.93550620210196,232.743993354069,No,No,No,Yes,No,Yes,Yes
423,71,1 year,Cable,94.79953687084576,684.4069401293114,No,Yes,No,Yes,Yes,Yes,No
424,67,Month-to-month,Cable,38.78096879744196,2570.189007124367,Yes,No,Yes,Yes,Yes,Yes,No
425,65,1 year,DSL,42.95557309572441,4356.966308499306,No,No,No,No,Yes,Yes,No
426,5,1 year,Cable,31.645433150345696,5597.454203228917,Yes,No,No,Yes,No,Yes,No
427,23,Month-to-month,DSL,41.56045433179382,5006.449508524563,Yes,No,No,Yes,No,Yes,No
428,71,Month-to-month,Cable,103.71430753894217,472.11362288090095,Yes,Yes,Yes,No,Yes,No,Yes
429,57,Month-to-month,Cable,67.24449765084437,6650.42167370839,No,No,Yes,Yes,Yes,No,No
430,37,2 year,Fiber optic,55.85809783391569,3908.2259167474085,No,Yes,Yes,No,No,Yes,No
431,71,2 year,Fiber optic,59.822405226284744,6603.742935786444,No,No,Yes,Yes,Yes,Yes,Yes
432,71,Month-to-month,DSL,64.49025468529912,873.9357567528446,Yes,No,No,Yes,No,No,No
433,33,2 year,DSL,46.25666448655647,7221.41026514459,No,No,Yes,Yes,Yes,Yes,Yes
434,28,Month-to-month,Fiber optic,72.38784748273638,6536.135306210381,No,Yes,Yes,No,Yes,No,No
435,48,1 year,Fiber optic,50.054360891009736,7804.543809789119,Yes,No,No,No,No,Yes,No
436,2,Month-to-month,Cable,111.88470852727085,230.5582230297737,Yes,No,No,No,Yes,No,No
437,1,Month-to-month,Cable,61.23683007322132,5863.064050078064,No,Yes,No,Yes,Yes,Yes,No
438,64,Month-to-month,Cable,111.84727212664922,7168.364263281783,No,No,Yes,Yes,Yes,No,No
439,68,1 year,DSL,29.129872552933605,4902.652312735544,No,Yes,Yes,Yes,Yes,No,Yes
440,37,2 year,Fiber optic,119.65461891479221,5054.326521389077,No,No,Yes,Yes,No,No,No
441,33,1 year,Fiber optic,68.87500017961747,4481.485070129051,No,No,Yes,No,Yes,No,Yes
442,12,2 year,Fiber optic,99.24461482170425,3165.0863892041057,No,No,No,No,Yes,No,No
443,1,Month-to-month,Cable,67.5795353517905,2467.703329181288,No,No,Yes,No,No,No,No
444,30,2 year,Cable,83.99583619544032,6165.002089935316,Yes,No,Yes,Yes,Yes,No,No
445,6,2 year,DSL,78.3882724440476,5529.445062501499,Yes,No,Yes,Yes,No,No,No
446,42,1 year,Fiber optic,77.39431421335264,7797.003944194844,Yes,No,Yes,Yes,Yes,No,No
447,57,2 year,DSL,111.32228317183127,589.0004287029768,Yes,No,Yes,Yes,Yes,Yes,No
448,19,1 year,Fiber optic,38.27504707633457,6103.966676984261,Yes,No,No,No,No,Yes,No
449,66,2 year,DSL,75.75633939880986,4415.134648138568,Yes,No,Yes,Yes,Yes,Yes,No
450,3,1 year,DSL,66.30280607126014,5933.343148493789,Yes,Yes,Yes,No,Yes,No,Yes
451,15,2 year,Fiber optic,64.94380193663564,6586.476129023027,Yes,No,No,No,No,No,No
452,36,2 year,Cable,99.0941506844776,3730.8706539128198,No,No,Yes,Yes,No,No,No
453,3,2 year,DSL,48.3285095801772,6806.308098101859,No,Yes,No,No,No,Yes,No
454,66,1 year,DSL,32.33446109462435,6781.223085528981,No,Yes,No,Yes,No,No,No
455,2,2 year,Cable,38.703932257643984,5384.417727736918,Yes,No,Yes,No,Yes,No,No
456,4,Month-to-month,Cable,61.1312875579891,124.4068574672772,No,Yes,No,No,No,No,Yes
457,34,Month-to-month,Fiber optic,37.77204746384633,3952.5836220615024,Yes,No,Yes,No,No,No,No
458,35,1 year,Fiber optic,89.10079656051215,550.7730595761276,No,No,No,Yes,Yes,No,No
459,43,1 year,Fiber optic,79.29034462660448,5159.0515780148735,No,Yes,Yes,No,No,Yes,Yes
460,37,1 year,Cable,90.31894097974384,5183.587302703097,No,Yes,No,Yes,Yes,No,No
461,34,Month-to-month,Cable,43.615592663073826,1475.4709551172268,Yes,Yes,Yes,No,No,No,No
462,40,Month-to-month,Fiber optic,28.88986216940041,4201.319260402449,Yes,Yes,No,No,No,No,No
463,5,1 year,Fiber optic,100.23816475762176,7663.275464791822,Yes,Yes,No,Yes,Yes,No,Yes
464,23,Month-to-month,Fiber optic,114.5696626820835,2621.5878436949856,No,Yes,Yes,Yes,Yes,Yes,No
465,55,Month-to-month,Fiber optic,77.04587905936552,5879.022861802257,No,No,No,No,No,No,No
466,29,Month-to-month,Fiber optic,80.97383884041932,7899.032120966785,No,No,Yes,No,No,No,Yes
467,17,Month-to-month,Fiber optic,117.60812067842875,4631.7241777338195,No,No,No,No,Yes,No,No
468,18,Month-to-month,Cable,101.89868371647178,7777.741286930238,Yes,Yes,Yes,No,No,Yes,No
469,7,2 year,Fiber optic,24.82424066557493,348.10396926980553,Yes,No,Yes,No,No,Yes,Yes
470,34,Month-to-month,Cable,44.11727004981604,2911.4935676878054,No,Yes,Yes,Yes,No,Yes,No
471,46,Month-to-month,Cable,21.640141422684117,338.7180938004683,No,Yes,No,No,No,Yes,No
472,26,1 year,DSL,21.630734275580625,5119.660583754966,No,No,Yes,Yes,No,Yes,No
473,22,Month-to-month,Fiber optic,61.25111899447885,1481.6538347957355,Yes,No,No,No,Yes,No,No
474,71,Month-to-month,DSL,29.752467015738763,6320.159485800032,No,No,No,Yes,Yes,Yes,No
475,67,2 year,DSL,104.8459354222381,2433.6688183427727,No,Yes,No,Yes,No,Yes,No
476,39,Month-to-month,Fiber optic,111.93312994517456,1739.6821161214934,Yes,No,No,No,No,No,No
477,70,1 year,Cable,66.93613791138527,3761.071039593085,Yes,Yes,No,Yes,No,No,Yes
478,57,1 year,Fiber optic,108.57958209173817,4612.646352973211,Yes,Yes,Yes,No,No,No,No
479,34,Month-to-month,DSL,30.048042542520864,6181.2703774318525,No,No,No,Yes,No,No,No
480,66,2 year,DSL,113.26329157400095,6417.535292526753,Yes,Yes,No,No,No,No,No
481,43,2 year,Fiber optic,41.722195802233,2935.258668420945,Yes,No,No,No,No,No,No
482,36,2 year,Fiber optic,119.14517530248521,1467.3620858953411,Yes,No,Yes,No,Yes,No,Yes
483,25,Month-to-month,Fiber optic,40.20824702172018,5581.445262410327,No,Yes,Yes,Yes,Yes,Yes,No
484,4,2 year,Cable,55.77676765131874,1820.8282118687234,Yes,Yes,No,No,Yes,Yes,No
485,7,Month-to-month,DSL,97.29798005350831,6718.232820485111,No,No,Yes,No,No,Yes,No
486,25,1 year,Fiber optic,91.05646551921332,3858.3882738906877,Yes,Yes,Yes,Yes,Yes,Yes,No
487,14,1 year,Cable,101.89962586398516,1315.472501193959,Yes,Yes,Yes,No,Yes,No,No
488,53,1 year,Cable,32.355055480258294,549.952070326086,No,No,Yes,Yes,Yes,Yes,No
489,50,Month-to-month,DSL,23.92028235844655,2135.1260262707237,Yes,Yes,Yes,Yes,Yes,Yes,No
490,42,Month-to-month,DSL,40.95811664335175,3223.5585173510003,Yes,Yes,No,No,Yes,Yes,No
491,62,Month-to-month,Fiber optic,81.15735474687035,7610.408432415842,Yes,Yes,Yes,No,Yes,Yes,Yes
492,45,1 year,Fiber optic,73.94811564008194,3191.778995559831,Yes,Yes,No,No,Yes,Yes,No
493,28,2 year,Cable,114.08131552695392,1821.5897862115958,No,No,Yes,No,No,Yes,No
494,43,1 year,DSL,34.24645709235715,7125.62103176084,No,Yes,Yes,Yes,No,Yes,No
495,16,1 year,DSL,94.16868855409723,5953.863624627109,Yes,No,Yes,Yes,No,Yes,No
496,6,2 year,DSL,92.23051570320098,385.026931472805,Yes,Yes,Yes,Yes,Yes,No,No
497,8,1 year,Cable,102.95521156711514,3479.3503080383093,No,Yes,Yes,No,No,Yes,Yes
498,65,2 year,Cable,70.81616174916842,2896.759975292323,No,Yes,No,Yes,Yes,No,No
499,52,1 year,DSL,34.76446355430105,4999.365104671363,Yes,No,Yes,Yes,No,No,Yes
500,22,2 year,Cable,81.02913292010523,4179.006678499186,No,Yes,Yes,Yes,Yes,No,No
501,65,1 year,Fiber optic,58.09619826334809,2719.4400929448652,No,Yes,No,No,No,No,Yes
502,5,Month-to-month,DSL,32.17321293512447,2311.1298187719863,Yes,Yes,Yes,No,Yes,Yes,No
503,50,1 year,DSL,26.67555397999713,576.9143946721227,Yes,Yes,Yes,No,No,No,No
504,18,1 year,Cable,76.44146613353065,4563.57639524918,Yes,Yes,Yes,Yes,No,Yes,No
505,17,2 year,Cable,40.64597631133866,3755.312991066535,No,Yes,No,No,Yes,Yes,Yes
506,61,Month-to-month,Cable,49.67722225972745,3338.269242015955,No,Yes,Yes,No,Yes,Yes,No
507,56,2 year,Cable,100.64676546321182,3003.9057927920576,No,No,Yes,No,Yes,Yes,Yes
508,30,1 year,Cable,36.892467058450464,1246.8809540582204,Yes,No,No,No,Yes,Yes,No
509,62,2 year,Cable,28.706319186133136,3196.115227353616,Yes,No,Yes,No,Yes,Yes,No
510,66,1 year,Cable,78.11196811897481,6354.081523534918,Yes,Yes,No,No,Yes,Yes,No
511,16,2 year,Fiber optic,70.80915630876227,3289.0352402405742,No,Yes,Yes,Yes,Yes,Yes,No
512,39,Month-to-month,Cable,24.003594059118086,4672.83342483382,No,Yes,Yes,No,No,No,No
513,5,1 year,Fiber optic,23.673799484757012,7633.403272149583,Yes,No,No,No,Yes,Yes,No
514,1,1 year,Cable,74.78637077087255,6170.497206746994,Yes,No,Yes,No,No,Yes,No
515,50,Month-to-month,Cable,112.36077417697796,7158.054905570896,Yes,No,Yes,Yes,Yes,Yes,No
516,10,Month-to-month,Cable,66.07942790467997,5087.934616053449,No,Yes,No,Yes,Yes,No,No
517,14,1 year,Cable,23.457108327674163,4372.50027934269,Yes,Yes,No,Yes,Yes,No,Yes
518,50,Month-to-month,DSL,93.15478211044248,6235.805619404292,No,Yes,No,No,Yes,Yes,Yes
519,61,2 year,Fiber optic,94.17774110883654,3594.1623163793065,Yes,No,Yes,Yes,No,Yes,No
520,52,Month-to-month,Cable,110.76031662790685,2231.2383532515214,No,No,Yes,No,No,No,Yes
521,64,2 year,DSL,65.25377113011507,5787.3882075450165,Yes,No,Yes,Yes,Yes,No,No
522,4,Month-to-month,Cable,31.51897899602441,1717.862507966032,No,Yes,No,No,Yes,Yes,Yes
523,28,2 year,DSL,27.393997748935178,7168.137779476715,Yes,Yes,No,Yes,No,No,Yes
524,59,2 year,Cable,35.57235365682226,6631.658956239166,Yes,No,No,Yes,No,Yes,No
525,8,2 year,DSL,49.7670388573048,2484.7561481361313,No,No,Yes,Yes,No,No,No
526,15,1 year,Fiber optic,24.818145311261212,890.6365627262137,No,No,Yes,Yes,No,Yes,No
527,1,2 year,Cable,34.36420972782467,302.8485047117205,Yes,No,No,Yes,No,Yes,No
528,64,Month-to-month,Fiber optic,105.78573401509453,4097.914807416294,Yes,No,Yes,Yes,Yes,Yes,No
529,56,Month-to-month,Fiber optic,113.74713039245623,868.3533502568544,No,No,No,No,Yes,Yes,No
530,44,Month-to-month,Fiber optic,97.53139662480126,3029.4167039039826,Yes,Yes,No,Yes,No,No,No
531,70,Month-to-month,Fiber optic,85.31724388589129,2342.2865630526317,Yes,No,Yes,Yes,No,Yes,No
532,8,1 year,Fiber optic,41.248047790398374,1766.932189121853,Yes,Yes,No,Yes,No,No,Yes
533,2,Month-to-month,DSL,66.36155195156266,1694.0532181556177,No,No,Yes,Yes,Yes,Yes,Yes
534,71,1 year,Cable,77.96801355605473,5730.709400844778,Yes,Yes,Yes,Yes,No,No,No
535,13,2 year,DSL,41.30839103330501,6174.513407795789,No,Yes,Yes,No,Yes,No,Yes
536,15,Month-to-month,Cable,65.49267184031308,1628.74875332353,Yes,Yes,No,Yes,Yes,Yes,No
537,30,Month-to-month,Cable,77.69654064102019,3341.5307371703298,No,No,No,No,No,Yes,Yes
538,26,2 year,DSL,53.23083100845005,1297.8197126860916,No,Yes,Yes,No,Yes,Yes,No
539,65,2 year,Fiber optic,104.32302017958145,904.3585627786254,Yes,No,No,No,No,No,No
540,15,2 year,DSL,106.40892163540309,7220.150933771606,Yes,No,No,Yes,No,Yes,No
541,66,1 year,DSL,94.62373581965201,842.7316887024733,No,No,No,No,No,No,Yes
542,34,Month-to-month,Cable,35.886932034629375,7431.59412948764,No,No,No,Yes,Yes,Yes,No
543,1,1 year,Cable,79.5758631825252,3121.409553841747,No,No,No,Yes,No,Yes,No
544,8,1 year,DSL,72.969208089236,2808.3518059844832,Yes,No,Yes,No,Yes,No,Yes
545,9,2 year,Fiber optic,51.54933457201916,2852.2610066335874,Yes,No,No,Yes,Yes,No,No
546,53,1 year,Fiber optic,108.47889349534476,2040.6089268018873,Yes,No,Yes,No,Yes,No,No
547,18,1 year,Fiber optic,36.23872275039591,6700.814133021541,Yes,No,Yes,Yes,No,Yes,No
548,58,2 year,Cable,106.68213166549842,3399.6086829311107,Yes,No,Yes,Yes,Yes,No,No
549,42,1 year,Cable,35.702129574891835,616.1026279799999,Yes,No,Yes,Yes,No,No,Yes
550,57,Month-to-month,Fiber optic,107.98613634023845,6563.79672291926,No,No,Yes,No,No,No,Yes
551,33,Month-to-month,Cable,88.77836759770469,7033.538206561457,Yes,No,No,Yes,No,No,No
552,8,1 year,Cable,101.18131945048404,316.3449361912482,No,Yes,No,No,Yes,Yes,No
553,38,1 year,DSL,50.95787265697732,1085.0819992704544,No,No,No,No,No,Yes,Yes
554,62,Month-to-month,Cable,55.981698870058096,5054.62355056582,Yes,No,No,Yes,No,No,No
555,24,1 year,Cable,107.89649007733196,6959.555134698798,No,No,Yes,Yes,No,No,Yes
556,12,2 year,Fiber optic,77.47359576325911,2199.455392129444,No,No,Yes,No,No,No,No
557,45,Month-to-month,Cable,75.04829836655773,1406.7085038100056,No,Yes,No,Yes,Yes,Yes,Yes
558,68,Month-to-month,Cable,75.34865651472273,1274.9860068273372,Yes,No,Yes,Yes,Yes,No,No
559,14,2 year,Fiber optic,74.12028611182936,1973.9213511836906,No,Yes,Yes,Yes,No,Yes,No
560,4,2 year,DSL,57.29907151653704,5495.060512839572,No,No,Yes,Yes,Yes,Yes,No
561,42,Month-to-month,Cable,106.85641548371287,5397.607360243864,Yes,No,No,No,Yes,No,Yes
562,14,2 year,DSL,108.32760611653241,3641.450226011156,No,No,Yes,No,Yes,Yes,No
563,5,Month-to-month,Cable,119.89376025948326,1620.1876940942784,No,Yes,No,No,Yes,No,No
564,56,1 year,DSL,94.28869020693077,4198.281635913308,Yes,Yes,No,Yes,Yes,No,No
565,45,Month-to-month,Fiber optic,57.811830706348516,288.00963071218325,No,No,No,No,No,No,No
566,29,Month-to-month,Cable,64.93641979346968,4653.705677803298,Yes,No,Yes,No,No,No,No
567,8,1 year,Cable,28.57215502109332,5295.39554947783,No,Yes,Yes,No,No,Yes,No
568,45,1 year,Cable,105.60732028205545,7656.757749069629,Yes,No,Yes,Yes,Yes,Yes,No
569,3,Month-to-month,Cable,30.53321434259026,5766.566545058652,Yes,No,Yes,Yes,No,No,No
570,38,Month-to-month,DSL,25.626204008442315,606.9676043081757,No,Yes,No,No,Yes,No,No
571,46,2 year,DSL,30.039505052119,4061.6571589596047,No,Yes,Yes,Yes,No,No,No
572,26,2 year,DSL,33.94737283914578,4074.2512174821377,Yes,Yes,No,No,No,No,No
573,67,Month-to-month,Cable,24.666574217545495,530.5889152106744,No,No,No,No,No,Yes,No
574,52,1 year,Cable,111.94977704079122,494.0197796516052,No,Yes,Yes,No,No,Yes,No
575,69,Month-to-month,Cable,60.96565646089931,5988.670460376198,Yes,No,Yes,Yes,No,Yes,Yes
576,57,Month-to-month,Cable,31.447211283297843,5723.093904934423,No,No,Yes,Yes,Yes,Yes,No
577,61,2 year,Fiber optic,56.48034417967638,5724.018756005493,No,Yes,No,No,No,Yes,No
578,21,1 year,Cable,108.02784706380513,7661.925897573111,No,No,No,No,No,Yes,No
579,41,1 year,Cable,91.3153863362984,3665.852956480464,No,No,No,Yes,No,Yes,No
580,20,Month-to-month,Fiber optic,39.1501710711388,2735.295704118218,Yes,No,No,Yes,Yes,Yes,Yes
581,43,1 year,DSL,38.02162884139102,916.6724098709911,Yes,Yes,Yes,No,No,No,Yes
582,20,Month-to-month,Cable,53.49059866710638,4316.233044034405,No,No,Yes,Yes,Yes,No,No
583,52,Month-to-month,DSL,99.16712562644874,3589.904525862488,Yes,Yes,No,No,No,No,No
584,46,2 year,Cable,103.66755625518256,4486.8813553628115,Yes,Yes,No,Yes,Yes,Yes,Yes
585,26,1 year,DSL,112.18345954143263,6859.96823842434,No,No,Yes,Yes,No,Yes,No
586,4,1 year,Cable,74.02299861190805,131.12855474765487,No,Yes,No,No,Yes,Yes,No
587,49,Month-to-month,DSL,56.94491065343137,3143.331646160856,Yes,No,Yes,No,Yes,Yes,No
588,36,2 year,Fiber optic,26.704199383160827,5752.400185545699,No,Yes,Yes,Yes,Yes,No,No
589,40,1 year,Fiber optic,79.42957330927821,2734.4875155684977,Yes,No,Yes,No,Yes,Yes,No
590,68,1 year,Cable,50.13046952344373,5085.868721543671,Yes,Yes,No,No,Yes,No,No
591,64,1 year,Cable,74.44253623744474,4763.662247555473,No,No,No,Yes,No,No,No
592,65,Month-to-month,DSL,76.15346633145634,4085.321415229665,Yes,No,Yes,No,Yes,Yes,No
593,34,1 year,Cable,78.450999030715,7913.084791845766,Yes,Yes,No,Yes,Yes,Yes,Yes
594,29,2 year,DSL,84.15916007106847,1122.7159854030265,Yes,Yes,No,No,No,Yes,No
595,56,1 year,Cable,71.43123221196461,3174.532695133032,No,Yes,Yes,Yes,Yes,Yes,No
596,51,1 year,DSL,115.7791043697906,7228.515870347472,Yes,Yes,Yes,Yes,No,No,No
597,1,Month-to-month,Fiber optic,113.35657392994385,456.1812197036891,No,No,No,Yes,Yes,Yes,No
598,15,1 year,Fiber optic,101.07987040191288,129.41384671267443,Yes,Yes,No,No,Yes,Yes,No
599,15,Month-to-month,DSL,50.881296749041766,123.60795177549763,No,Yes,No,No,No,No,No
600,68,2 year,Fiber optic,59.11503742986635,3987.793075471737,Yes,Yes,Yes,Yes,Yes,Yes,No
601,35,Month-to-month,Cable,40.01046902971048,5975.646087367021,Yes,Yes,No,No,Yes,Yes,No
602,41,1 year,Fiber optic,92.14723797394126,2540.389320149071,Yes,No,Yes,No,Yes,No,Yes
603,58,Month-to-month,Fiber optic,97.32121179083468,1319.7239132871382,Yes,No,Yes,No,Yes,Yes,Yes
604,7,2 year,DSL,21.911517677513398,2980.3104388760594,No,Yes,No,No,No,Yes,Yes
605,65,1 year,Cable,109.87273154335091,7323.8944956740215,No,No,Yes,Yes,Yes,Yes,No
606,17,Month-to-month,Cable,65.79565282067706,5186.197697923792,Yes,No,Yes,No,Yes,No,No
607,45,2 year,Cable,42.17293301449469,4956.779018790425,Yes,Yes,Yes,Yes,Yes,No,No
608,44,Month-to-month,Fiber optic,53.466211087299115,2807.603141724549,No,Yes,Yes,No,No,Yes,No
609,11,Month-to-month,DSL,69.31879947967029,3020.4814203965593,No,No,Yes,Yes,Yes,No,No
610,5,1 year,Cable,119.21806864250907,5230.74266152921,No,No,No,Yes,Yes,No,No
611,19,Month-to-month,Fiber optic,73.19957832485983,2853.33760937518,Yes,No,Yes,No,No,No,Yes
612,71,1 year,DSL,42.611478693306765,5279.561257337372,No,Yes,No,Yes,Yes,Yes,No
613,24,1 year,DSL,93.84413193305497,7185.349992739102,No,Yes,Yes,Yes,Yes,Yes,No
614,68,2 year,DSL,119.69260675552063,2787.245597326658,No,No,No,No,No,Yes,No
615,55,1 year,Cable,31.249077691101718,7520.470234422291,No,No,Yes,Yes,Yes,Yes,No
616,11,Month-to-month,DSL,104.09968635195445,7246.884520090943,No,No,Yes,Yes,No,Yes,No
617,5,1 year,DSL,71.33996944590791,1681.9201947315019,No,No,Yes,Yes,No,No,No
618,53,Month-to-month,Cable,100.95962290453409,430.78191774127833,Yes,Yes,No,Yes,Yes,Yes,No
619,17,2 year,Fiber optic,60.28611719747409,1972.1106205039712,Yes,Yes,No,No,No,No,Yes
620,24,Month-to-month,Cable,65.67765725982237,6894.192474065179,No,No,No,No,No,Yes,Yes
621,43,Month-to-month,Cable,37.70711258653721,4937.6408655798805,No,No,No,No,No,Yes,No
622,57,2 year,Fiber optic,106.72482768124175,2060.873291139847,Yes,No,Yes,No,No,Yes,No
623,30,Month-to-month,Fiber optic,50.26221195099998,7439.360559127305,No,Yes,Yes,No,Yes,Yes,No
624,19,1 year,DSL,33.06811198539898,3777.81864234025,Yes,Yes,Yes,No,No,No,Yes
625,24,2 year,Fiber optic,31.419710136387817,3427.565581458941,No,No,Yes,No,No,No,No
626,4,2 year,Fiber optic,69.35002791639123,2255.346466995732,Yes,No,Yes,Yes,Yes,Yes,No
627,17,Month-to-month,DSL,80.65533303205518,3493.158461327831,No,Yes,Yes,Yes,Yes,Yes,No
628,64,1 year,Cable,31.671907215737008,3168.896303999011,No,No,Yes,Yes,No,Yes,No
629,40,Month-to-month,DSL,20.55020590071423,2800.2047994572035,No,No,Yes,No,Yes,No,No
630,43,Month-to-month,DSL,95.12914201393313,959.6402409693229,Yes,Yes,No,No,Yes,No,No
631,53,Month-to-month,Fiber optic,22.480059951687952,4926.558920751772,Yes,No,No,No,Yes,Yes,No
632,68,1 year,DSL,66.45683744000988,6289.3186661729205,No,No,Yes,Yes,Yes,No,No
633,23,2 year,Fiber optic,70.33776801334699,3668.1939488301805,No,Yes,Yes,Yes,No,Yes,No
634,24,1 year,Cable,98.64026974240039,6206.0309387356165,Yes,No,Yes,No,No,Yes,Yes
635,29,1 year,Fiber optic,88.61305925298123,4749.9402794995885,No,No,No,No,Yes,No,No
636,58,2 year,Fiber optic,114.78897325586567,7673.534804576714,No,No,Yes,Yes,Yes,No,Yes
637,29,Month-to-month,Fiber optic,64.06804972753655,5377.942416966553,Yes,No,No,Yes,No,No,No
638,15,Month-to-month,Cable,64.1157916453383,481.5394857703056,No,No,No,Yes,No,Yes,Yes
639,48,1 year,DSL,69.33854713961333,5230.099780926856,Yes,No,No,No,No,Yes,No
640,13,1 year,Cable,104.90201471104231,7592.677198214442,No,No,No,No,No,No,No
641,67,Month-to-month,Cable,79.38999834102565,4999.708245102936,No,Yes,Yes,No,Yes,No,No
642,13,Month-to-month,DSL,118.84340759451247,1924.5607138641888,Yes,Yes,Yes,No,No,No,No
643,47,1 year,Fiber optic,54.27544593051499,3943.437836017004,Yes,No,No,Yes,No,No,No
644,64,Month-to-month,DSL,82.32819558218759,7832.879361199283,No,Yes,Yes,Yes,No,Yes,No
645,53,1 year,Fiber optic,31.64126006266175,4983.26162131782,No,Yes,No,Yes,Yes,No,No
646,54,Month-to-month,DSL,36.64181089037442,3215.899235113757,No,Yes,No,Yes,No,No,No
647,22,1 year,Cable,22.99124952436818,2227.3586162096403,Yes,Yes,Yes,Yes,No,Yes,No
648,32,1 year,DSL,97.43399369178712,3911.02178086669,No,Yes,Yes,Yes,Yes,No,No
649,28,2 year,Cable,48.532320837936574,3382.7923485385704,Yes,No,Yes,Yes,No,No,Yes
650,49,Month-to-month,Cable,102.41588435981528,2776.9590465106944,No,No,No,No,No,Yes,No
651,19,Month-to-month,Fiber optic,98.2921096705591,5286.836840447014,No,Yes,No,Yes,Yes,No,No
652,4,2 year,Fiber optic,66.04907941102296,3824.716608521423,Yes,No,Yes,Yes,Yes,No,No
653,37,2 year,Fiber optic,63.81494391248376,1411.1354868288438,Yes,No,No,Yes,No,Yes,No
654,4,Month-to-month,Fiber optic,66.24741597082385,272.75019574985873,No,Yes,No,No,No,Yes,No
655,61,1 year,Cable,91.07818758297178,5882.557573302354,Yes,Yes,Yes,No,No,No,Yes
656,24,2 year,DSL,87.6562663002194,5749.146524538075,No,Yes,No,No,Yes,Yes,No
657,34,2 year,Cable,81.88712759150711,666.1852282097518,No,No,No,No,No,Yes,Yes
658,41,1 year,Fiber optic,112.30365611463004,7997.600406690299,Yes,Yes,No,No,Yes,Yes,Yes
659,57,Month-to-month,Fiber optic,62.137565559539645,1918.931248055787,Yes,No,Yes,No,No,Yes,Yes
660,50,2 year,Fiber optic,66.20562616452129,5905.535839897896,No,No,No,No,No,No,Yes
661,38,1 year,DSL,20.639637992519503,7922.8083802766405,No,Yes,No,No,No,Yes,No
662,14,2 year,Fiber optic,45.45082932459781,6694.56852985151,Yes,No,Yes,No,Yes,Yes,No
663,60,2 year,DSL,78.9596994630704,5731.06892365781,Yes,Yes,Yes,Yes,Yes,Yes,No
664,41,2 year,Cable,78.40008132855618,384.86086395254,No,No,No,Yes,No,No,No
665,19,Month-to-month,DSL,23.7139032952052,5632.503083654659,Yes,Yes,No,Yes,No,No,No
666,61,Month-to-month,DSL,112.81636815580855,446.37452761744663,No,Yes,Yes,Yes,No,No,No
667,39,Month-to-month,Fiber optic,114.3908074186378,1705.519853045152,No,No,No,No,No,No,No
668,33,Month-to-month,DSL,47.37232195154265,3202.91020317219,Yes,Yes,No,Yes,Yes,No,No
669,54,1 year,Fiber optic,105.84432704898626,7635.642864023888,No,Yes,No,Yes,No,Yes,No
670,22,Month-to-month,DSL,119.63526303038476,5808.19964660546,Yes,No,No,No,Yes,Yes,No
671,40,Month-to-month,DSL,22.058418599031032,3453.909656049735,No,Yes,No,No,Yes,Yes,Yes
672,17,1 year,Cable,112.68694693906525,4844.360228039163,Yes,Yes,Yes,Yes,Yes,No,No
673,13,1 year,DSL,44.00990923080415,7151.301313731218,Yes,No,Yes,No,Yes,No,No
674,17,1 year,DSL,20.361553008859406,7580.312124965527,No,Yes,No,No,No,No,Yes
675,54,2 year,DSL,29.372696452271988,7692.727870343182,Yes,Yes,Yes,Yes,No,Yes,No
676,63,2 year,Cable,114.61601831427409,6892.268461133035,Yes,No,Yes,No,No,Yes,Yes
677,13,Month-to-month,Cable,98.48565318748008,4998.108456343742,No,No,No,Yes,No,No,No
678,54,1 year,Cable,83.37742835916133,4836.804489515593,No,Yes,Yes,Yes,Yes,No,No
679,51,2 year,Cable,33.79289264944471,773.2188657760369,Yes,No,Yes,Yes,Yes,Yes,Yes
680,15,1 year,DSL,74.29101407206905,1231.432679222718,Yes,Yes,No,No,Yes,Yes,Yes
681,27,Month-to-month,Fiber optic,43.11404217547174,5498.38565296915,Yes,No,No,No,No,No,No
682,61,2 year,Cable,29.022890792622984,1684.2815586259094,No,Yes,No,Yes,Yes,No,No
683,9,2 year,Cable,74.58857012137202,2938.405703342861,Yes,No,No,No,No,No,No
684,4,1 year,Fiber optic,95.92305009338422,3114.1560255387517,No,No,Yes,No,No,Yes,No
685,9,Month-to-month,DSL,62.59056093358271,5080.1825429434075,No,No,Yes,No,Yes,No,No
686,37,Month-to-month,DSL,56.66557636797523,2485.09050483494,Yes,No,No,Yes,Yes,Yes,No
687,62,1 year,Fiber optic,87.67283714136471,2719.7224308313803,Yes,No,Yes,Yes,No,Yes,No
688,13,2 year,Fiber optic,58.6872519939691,7833.3378587066145,Yes,No,Yes,Yes,No,Yes,No
689,25,Month-to-month,Fiber optic,78.96648627359727,7772.6720338680625,No,Yes,No,No,Yes,Yes,No
690,9,Month-to-month,DSL,28.43194774028647,4379.946590705875,Yes,Yes,Yes,Yes,No,Yes,No
691,44,1 year,Fiber optic,32.80178025752724,3961.207864112305,Yes,No,No,Yes,No,No,No
692,1,2 year,Cable,32.144215981967456,633.7120167044532,Yes,Yes,No,No,No,No,No
693,53,Month-to-month,Cable,28.005859412578566,7912.14727027044,No,No,Yes,No,No,No,No
694,15,Month-to-month,DSL,49.63813310011344,7677.505791048589,Yes,Yes,No,Yes,No,No,No
695,10,1 year,Cable,86.78016629915324,5947.165967409193,Yes,No,No,Yes,Yes,No,No
696,59,2 year,Cable,62.515905098001724,785.5489275488336,No,Yes,Yes,No,No,Yes,No
697,36,1 year,Cable,24.030912692877088,121.23394915482545,Yes,Yes,Yes,No,Yes,Yes,No
698,5,2 year,Cable,73.13587972367615,2220.7254386513905,No,Yes,Yes,Yes,Yes,No,No
699,11,1 year,DSL,21.468844685104077,2260.9070354131804,Yes,Yes,Yes,Yes,No,No,No
700,53,1 year,DSL,39.558753329719835,5170.00590665105,No,No,Yes,Yes,Yes,No,No
701,5,Month-to-month,DSL,57.23705105339167,2786.7478544207947,Yes,No,No,Yes,Yes,No,No
702,31,Month-to-month,Fiber optic,102.65165790965814,7345.035434786602,No,No,No,No,No,No,No
703,20,1 year,Fiber optic,52.09063709465541,6460.36229421284,No,Yes,No,No,Yes,Yes,No
704,12,Month-to-month,Fiber optic,32.14918520600482,5814.5885804194,No,No,No,Yes,Yes,No,No
705,56,1 year,DSL,76.4906498399627,3783.0179066063124,Yes,Yes,No,No,Yes,No,Yes
706,10,2 year,Fiber optic,49.85050283975782,7116.439311745985,No,Yes,No,No,No,No,No
707,70,Month-to-month,Fiber optic,112.14064409336949,547.3983641145913,No,No,Yes,No,No,Yes,No
708,68,2 year,Cable,117.08262102819364,1064.0729933554467,No,Yes,Yes,No,No,Yes,Yes
709,25,1 year,Fiber optic,108.06649987459106,127.34777015951614,No,Yes,Yes,No,No,Yes,No
710,56,2 year,Fiber optic,88.47423092489962,7410.025728387665,No,No,No,Yes,Yes,No,Yes
711,16,2 year,Cable,60.66208375072515,7909.531000997018,No,Yes,Yes,Yes,Yes,Yes,Yes
712,59,1 year,Fiber optic,88.07896716361928,3221.672375687799,Yes,Yes,Yes,No,No,No,No
713,63,1 year,Fiber optic,50.6543536407717,467.7402650252893,Yes,No,No,No,No,No,Yes
714,24,Month-to-month,Cable,101.0163925475942,7032.865933571474,No,No,Yes,Yes,Yes,No,No
715,11,1 year,Fiber optic,66.50974392410993,7514.644142444281,Yes,No,No,Yes,Yes,No,No
716,54,Month-to-month,Cable,112.72541811573315,7678.854448841988,No,Yes,No,Yes,Yes,No,No
717,20,1 year,Cable,88.96410984515384,5451.10791706645,Yes,Yes,No,No,No,No,No
718,65,Month-to-month,DSL,36.208313352744575,6425.994363717094,Yes,Yes,Yes,No,Yes,No,No
719,65,Month-to-month,Cable,26.4356377541257,7412.5877105659465,No,Yes,Yes,No,No,Yes,No
720,10,1 year,DSL,94.71427561102497,517.357528448768,No,Yes,Yes,Yes,Yes,No,No
721,44,2 year,DSL,95.02905002262523,467.1829484110629,Yes,Yes,No,No,Yes,Yes,No
722,56,2 year,Cable,67.92460892641093,1113.131176828256,Yes,Yes,No,No,Yes,No,Yes
723,50,Month-to-month,Fiber optic,98.83801691841866,2344.9753136673576,Yes,No,Yes,Yes,No,No,No
724,50,2 year,Cable,113.33747193086216,7008.856225968195,Yes,Yes,No,No,Yes,No,No
725,14,Month-to-month,Fiber optic,99.76201886772753,4263.331509183483,Yes,No,No,Yes,No,No,No
726,69,1 year,DSL,80.64989924159961,1846.661211639196,No,Yes,Yes,Yes,No,Yes,No
727,4,Month-to-month,DSL,21.50039045290995,3148.7757513971624,No,No,No,No,No,No,No
728,62,2 year,DSL,41.82692226674449,4513.32414347017,Yes,No,Yes,No,Yes,Yes,No
729,33,Month-to-month,Cable,102.03282313064291,4154.054535690161,No,Yes,Yes,Yes,No,No,No
730,24,Month-to-month,Fiber optic,85.9172423121068,2628.195262843348,Yes,No,No,No,Yes,Yes,Yes
731,25,2 year,Fiber optic,75.45264860530884,5725.753192241558,No,Yes,Yes,Yes,No,No,No
732,32,1 year,DSL,31.943966517162117,5019.9321357312165,Yes,No,No,Yes,No,Yes,Yes
733,69,Month-to-month,Cable,81.4532285776933,2381.832133119303,Yes,Yes,No,Yes,No,No,No
734,46,1 year,DSL,29.903637816237488,6612.578307959496,Yes,Yes,No,Yes,Yes,Yes,No
735,39,2 year,Fiber optic,33.15416908615366,4871.525930255341,No,Yes,Yes,Yes,Yes,No,No
736,39,2 year,DSL,77.38752736543114,4785.869535304361,Yes,Yes,No,No,No,No,No
737,28,1 year,Fiber optic,41.781244209631254,5050.598830830572,Yes,Yes,Yes,Yes,No,No,No
738,19,2 year,DSL,107.77235014811255,5197.6370005226545,Yes,Yes,No,Yes,Yes,No,No
739,7,Month-to-month,Cable,109.03558534515405,5707.87475136842,Yes,No,No,Yes,Yes,No,No
740,52,Month-to-month,DSL,71.95128290421681,7540.835232854723,No,No,Yes,No,Yes,No,No
741,36,Month-to-month,DSL,119.62590750409747,385.5884275340758,Yes,No,Yes,No,No,Yes,No
742,41,2 year,Fiber optic,38.43564057982208,2660.571859004091,No,Yes,Yes,No,Yes,No,No
743,3,2 year,DSL,77.4027004366027,2476.269437217665,No,No,Yes,No,No,Yes,No
744,61,1 year,Cable,33.319064609153266,3535.102194060678,Yes,No,Yes,Yes,Yes,Yes,No
745,60,1 year,Fiber optic,103.55216858969007,3039.1675137663938,Yes,No,No,No,Yes,Yes,Yes
746,46,2 year,Cable,109.1880799732078,1593.4401031153438,Yes,Yes,Yes,Yes,Yes,Yes,Yes
747,37,2 year,Fiber optic,79.43851197764161,582.8215310609903,No,Yes,Yes,No,Yes,No,No
748,39,2 year,DSL,40.31633821045651,7822.715532011174,Yes,No,No,Yes,Yes,No,Yes
749,29,1 year,Cable,84.53962694870373,2612.1749435877114,No,No,No,No,Yes,No,No
750,31,2 year,Cable,30.54819036010589,6882.918287187098,No,Yes,Yes,Yes,No,Yes,No
751,15,1 year,DSL,24.498072800389565,4331.029900702794,Yes,Yes,No,No,Yes,Yes,No
752,20,2 year,Fiber optic,76.17804336181487,1605.8420617517124,Yes,Yes,No,No,Yes,Yes,Yes
753,3,2 year,Cable,67.50020775966993,514.3476741122386,No,No,Yes,No,Yes,No,No
754,39,Month-to-month,Fiber optic,64.42268431846969,4228.834259828217,Yes,Yes,No,No,Yes,Yes,No
755,33,1 year,Fiber optic,22.514007271879247,3630.0384631531942,Yes,No,Yes,No,Yes,No,No
756,3,2 year,Cable,88.37093471383552,4197.743546499037,Yes,Yes,No,No,No,Yes,No
757,65,Month-to-month,DSL,101.27413598046729,3569.9631137690562,Yes,Yes,Yes,No,No,Yes,Yes
758,34,1 year,Fiber optic,78.39193373361279,6345.139196314393,No,Yes,Yes,Yes,No,Yes,No
759,53,1 year,Fiber optic,83.79793572026995,2741.8311489524267,Yes,No,No,No,No,Yes,No
760,33,2 year,Fiber optic,68.610625456391,6337.895855200419,No,Yes,No,No,No,No,No
761,22,2 year,Cable,40.08378808293764,6662.08638842765,No,No,No,No,No,Yes,No
762,64,2 year,DSL,108.8717961819675,2308.7670553394305,No,Yes,No,Yes,No,No,No
763,69,2 year,DSL,116.89747197220886,3437.4673697020817,Yes,Yes,No,Yes,No,Yes,No
764,2,1 year,Cable,92.83104815107264,762.6666763824019,No,No,Yes,Yes,Yes,No,Yes
765,34,Month-to-month,Cable,117.84239408073252,4715.166601097906,No,Yes,Yes,Yes,Yes,No,No
766,69,Month-to-month,DSL,65.77373545570694,7706.993673168509,No,Yes,Yes,Yes,No,Yes,No
767,60,1 year,DSL,89.6436629907517,147.52361825986455,Yes,Yes,Yes,No,No,Yes,No
768,48,1 year,Cable,89.3457389277368,5590.778365637026,No,No,Yes,No,Yes,No,Yes
769,60,1 year,Cable,81.554520615967,5831.483135262829,No,No,Yes,Yes,Yes,Yes,No
770,8,2 year,DSL,88.56250664093012,6403.274742185128,Yes,Yes,No,Yes,No,No,No
771,29,Month-to-month,Fiber optic,40.403798095964945,3140.659274650816,Yes,Yes,Yes,Yes,No,Yes,No
772,32,1 year,Cable,25.5663370771712,3947.8619863198114,Yes,No,Yes,Yes,No,Yes,Yes
773,9,2 year,DSL,64.12368234415426,768.180127671968,Yes,Yes,Yes,Yes,Yes,No,No
774,57,1 year,DSL,112.10448099827401,6168.7445294156805,Yes,Yes,No,Yes,Yes,No,Yes
775,9,2 year,DSL,58.5305540778978,6966.7927302836215,Yes,Yes,Yes,No,Yes,Yes,Yes
776,33,Month-to-month,DSL,62.83026211611375,1747.774925708097,No,Yes,Yes,Yes,No,No,No
777,25,2 year,Fiber optic,109.00121521827188,5439.532381927097,No,No,No,No,No,Yes,No
778,23,Month-to-month,DSL,115.23100155020497,6330.11947802026,No,Yes,No,No,Yes,Yes,No
779,47,Month-to-month,Fiber optic,34.95629669170895,7680.244902564837,No,Yes,Yes,Yes,No,No,No
780,20,2 year,Cable,57.357387739529024,5270.024648429261,Yes,Yes,No,No,Yes,Yes,Yes
781,23,Month-to-month,Fiber optic,63.44576160024584,4729.07736942042,Yes,No,No,Yes,No,No,No
782,3,1 year,Fiber optic,29.077324079180393,2029.258963904205,Yes,Yes,Yes,No,No,Yes,No
783,1,Month-to-month,DSL,40.96403160921594,3761.9389599623114,No,No,Yes,Yes,Yes,No,No
784,35,2 year,Cable,31.19174304331739,2699.465215456273,No,Yes,No,Yes,No,No,No
785,68,1 year,DSL,41.58066620020443,2227.974959929992,No,No,No,Yes,No,No,No
786,46,Month-to-month,Fiber optic,77.77908405845102,1122.3842699591933,Yes,Yes,No,Yes,No,No,No
787,44,1 year,Fiber optic,58.26164667048142,5784.3501120677665,Yes,No,Yes,Yes,Yes,No,No
788,47,2 year,Cable,112.8220858512167,1705.0450393128929,No,No,Yes,No,Yes,No,Yes
789,65,Month-to-month,DSL,46.654905293933375,578.4986464991357,Yes,No,No,Yes,Yes,Yes,No
790,31,1 year,DSL,64.44455508154725,1374.8475531311456,Yes,Yes,Yes,Yes,No,Yes,No
791,31,1 year,Cable,63.73057596414513,4042.931100901873,No,No,No,No,Yes,Yes,No
792,27,2 year,DSL,53.35007533678011,1307.3218051557844,Yes,Yes,Yes,No,No,Yes,No
793,36,Month-to-month,Cable,65.91392813372843,4302.854514567421,No,No,No,No,Yes,No,No
794,39,1 year,Fiber optic,52.66965216819651,2641.715072462095,Yes,No,Yes,Yes,Yes,Yes,Yes
795,19,2 year,Cable,70.4897833915936,6133.257928018587,Yes,No,No,No,No,No,No
796,11,1 year,Fiber optic,83.04095984993236,2658.280354752407,Yes,Yes,Yes,Yes,Yes,Yes,Yes
797,62,Month-to-month,DSL,88.91070621832513,5266.0818798742985,Yes,Yes,No,Yes,Yes,Yes,No
798,68,1 year,Fiber optic,111.96241827933802,1952.0276359566712,No,No,Yes,Yes,Yes,Yes,No
799,70,Month-to-month,Cable,107.44554974522356,5057.365818637031,Yes,Yes,Yes,Yes,No,Yes,Yes
800,47,1 year,Fiber optic,45.08387905501741,4312.269295013495,Yes,No,No,Yes,No,Yes,No
801,11,1 year,Cable,56.78195002597827,6306.614226626944,Yes,No,Yes,No,Yes,Yes,No
802,69,1 year,Cable,117.59878256759663,5705.217710878608,No,No,No,Yes,No,Yes,Yes
803,64,1 year,DSL,107.13223406327957,2961.951451720191,Yes,No,Yes,No,Yes,No,Yes
804,47,1 year,Cable,106.0331719610616,1065.0867094350212,Yes,No,Yes,Yes,Yes,Yes,Yes
805,16,1 year,Cable,108.45259389562256,947.7502687057904,Yes,Yes,Yes,No,Yes,No,No
806,58,Month-to-month,Cable,78.4896703646443,6361.65598039228,Yes,Yes,No,Yes,Yes,Yes,No
807,63,Month-to-month,Cable,66.4536036508393,4882.515763921817,No,Yes,No,Yes,No,Yes,No
808,31,Month-to-month,Fiber optic,71.87911084846148,6068.919252330452,No,Yes,Yes,No,Yes,Yes,Yes
809,20,1 year,DSL,119.98007972770783,4497.392022181455,No,Yes,No,Yes,Yes,No,No
810,54,1 year,DSL,86.28660419537017,961.922583654349,Yes,No,No,No,No,Yes,No
811,39,1 year,Cable,69.40794427532464,2428.5269356809426,Yes,Yes,Yes,Yes,No,Yes,No
812,67,1 year,DSL,108.317057404166,7841.483029354454,Yes,No,No,Yes,Yes,No,Yes
813,1,Month-to-month,DSL,53.06771902227034,4451.167763589352,No,Yes,No,No,Yes,No,No
814,64,1 year,DSL,109.61708990871179,5954.356332473926,No,No,No,No,No,No,No
815,13,Month-to-month,Cable,52.107399739071774,491.79042937274124,No,No,Yes,No,No,No,No
816,39,Month-to-month,Fiber optic,75.20800967711008,2243.0880414380963,Yes,Yes,No,Yes,No,No,No
817,22,Month-to-month,DSL,34.652330172703934,1147.7844738688448,Yes,No,Yes,No,Yes,Yes,No
818,66,2 year,Cable,37.02351538957291,4350.821413985643,No,Yes,No,Yes,No,Yes,Yes
819,10,1 year,Cable,102.3278579775313,4149.932951341489,No,Yes,Yes,Yes,Yes,No,Yes
820,16,1 year,Fiber optic,85.10567826528188,1530.6606505440989,No,Yes,No,Yes,Yes,Yes,No
821,2,1 year,Cable,80.88405349772171,5649.667882045264,Yes,No,Yes,No,Yes,No,No
822,40,1 year,DSL,119.50125119133789,4988.598250570029,No,No,No,Yes,Yes,No,No
823,1,2 year,DSL,87.6979633914014,1406.2811445137647,No,No,No,No,No,No,No
824,19,1 year,DSL,24.512352190862313,2656.026178039249,Yes,No,No,No,Yes,Yes,Yes
825,70,2 year,DSL,71.442550295809,1263.8344884322469,No,Yes,No,Yes,No,Yes,No
826,5,2 year,Fiber optic,20.491238510073167,6095.959990967641,No,No,Yes,No,No,Yes,No
827,67,2 year,Fiber optic,111.16636968000556,3090.35548572535,No,No,Yes,Yes,No,Yes,No
828,21,2 year,DSL,39.16650011667649,6812.04780441452,Yes,No,No,Yes,Yes,Yes,No
829,38,Month-to-month,Cable,111.38066156130556,6416.579211807297,No,Yes,Yes,Yes,Yes,Yes,Yes
830,6,2 year,Fiber optic,49.905136953370494,7858.784001496202,No,No,No,Yes,No,Yes,No
831,54,Month-to-month,Cable,70.91320760236458,5188.665331605818,Yes,No,No,No,No,Yes,No
832,12,1 year,Fiber optic,43.324678280158814,5737.1189257927335,Yes,No,No,No,Yes,No,Yes
833,66,1 year,DSL,54.74172413991641,2913.8780439139236,No,No,Yes,No,No,No,No
834,71,Month-to-month,Fiber optic,52.70303914764621,6506.716205384297,Yes,Yes,No,Yes,Yes,No,No
835,70,2 year,DSL,104.7828272327804,2699.3178666071085,Yes,Yes,Yes,Yes,No,Yes,No
836,53,2 year,DSL,23.34765367742743,396.32088798180564,No,No,No,No,Yes,No,No
837,61,2 year,Fiber optic,109.9611564042504,2846.300089852662,No,No,No,Yes,No,Yes,No
838,41,2 year,Fiber optic,31.082442531694735,894.2957318951467,Yes,No,Yes,No,Yes,Yes,No
839,69,Month-to-month,DSL,115.41170364301841,1222.5631780489186,No,Yes,No,Yes,Yes,No,Yes
840,29,Month-to-month,DSL,61.285163550401215,3049.356929569757,No,Yes,No,No,No,No,Yes
841,6,1 year,Cable,22.910380180878093,2112.6351806017756,No,No,No,Yes,Yes,No,No
842,46,2 year,Fiber optic,95.68938748928451,7265.741815708428,No,Yes,No,Yes,Yes,Yes,Yes
843,25,1 year,Cable,114.80772908521672,4148.825676381229,No,No,No,No,No,No,No
844,1,2 year,Fiber optic,41.64392773659414,5054.047704821183,No,No,Yes,No,Yes,Yes,Yes
845,71,2 year,Fiber optic,110.44510326265284,5963.175665203193,Yes,Yes,No,Yes,No,No,No
846,3,Month-to-month,Cable,34.57040319649953,4782.767470343293,No,No,No,No,No,No,No
847,67,Month-to-month,Cable,92.97264852539183,5662.832687744243,No,Yes,Yes,No,No,Yes,No
848,13,Month-to-month,DSL,87.89262302366976,1259.7840749865243,No,No,No,Yes,Yes,No,No
849,17,2 year,Fiber optic,47.653021787387246,1323.6502599568435,Yes,No,No,No,Yes,Yes,No
850,31,Month-to-month,DSL,54.369287618718424,6781.501486090786,No,Yes,Yes,No,Yes,Yes,No
851,10,1 year,Cable,42.23194439320588,6296.032420767289,No,Yes,No,Yes,Yes,Yes,No
852,21,Month-to-month,Cable,110.83353130071136,7363.253821535287,Yes,No,Yes,Yes,No,Yes,No
853,66,2 year,Fiber optic,107.28406688580627,560.1427496164108,No,Yes,Yes,Yes,No,Yes,No
854,43,Month-to-month,DSL,70.83186228627837,5701.8264703493305,No,No,No,Yes,Yes,Yes,No
855,59,2 year,Cable,29.015188950802344,2459.886286449795,Yes,No,Yes,Yes,No,Yes,No
856,25,2 year,Cable,27.996367923223435,5772.868084961597,Yes,Yes,Yes,Yes,Yes,No,Yes
857,41,2 year,Fiber optic,92.9417166316318,2827.1126061792975,Yes,No,No,Yes,No,No,No
858,31,2 year,DSL,84.2705922672095,5521.915148234003,No,No,No,No,No,No,No
859,65,2 year,Fiber optic,51.02544848658214,2272.638919218831,No,No,No,No,No,Yes,No
860,12,1 year,Fiber optic,92.59650458538476,6426.808332269597,Yes,Yes,Yes,No,No,Yes,Yes
861,46,Month-to-month,Cable,47.71473619707462,7451.413672368284,No,No,Yes,No,Yes,Yes,No
862,67,2 year,Fiber optic,87.20264359038721,3894.588900642404,Yes,No,Yes,Yes,Yes,No,No
863,35,Month-to-month,Fiber optic,115.95690438354202,549.5954935982758,Yes,Yes,No,Yes,No,Yes,No
864,20,1 year,DSL,23.08178075906055,3318.843995661937,Yes,Yes,No,Yes,No,No,Yes
865,25,Month-to-month,Fiber optic,85.09770455938228,5779.7139585844525,No,No,No,No,Yes,Yes,No
866,26,1 year,Fiber optic,78.76661528925521,3263.2708729581545,No,No,Yes,Yes,Yes,Yes,Yes
867,48,Month-to-month,Fiber optic,39.00653643810472,6565.8660644587735,No,Yes,No,No,No,No,Yes
868,58,Month-to-month,Fiber optic,30.178632735104053,1836.9915968406947,No,Yes,Yes,Yes,Yes,Yes,No
869,69,1 year,DSL,100.07467394485049,6094.741136311151,Yes,Yes,Yes,Yes,Yes,No,Yes
870,10,1 year,Cable,110.48533343440839,3590.4026705566,No,No,Yes,No,Yes,No,No
871,20,Month-to-month,DSL,34.42015727739684,946.5449118399868,Yes,No,Yes,No,Yes,No,Yes
872,21,Month-to-month,DSL,53.136400470745706,234.19661535486836,No,No,Yes,No,Yes,No,No
873,5,2 year,Cable,91.62484591053655,6223.299591213383,Yes,No,Yes,No,Yes,No,No
874,54,Month-to-month,Cable,52.490062276085666,1563.2795548348586,No,No,No,No,Yes,No,No
875,6,1 year,Fiber optic,50.52642984205818,3463.0002822805745,Yes,Yes,Yes,No,No,Yes,Yes
876,55,2 year,Cable,45.269993281855506,7496.970749959256,No,Yes,No,No,No,Yes,No
877,46,2 year,DSL,113.29030523210288,6282.628724593476,No,No,No,Yes,No,Yes,Yes
878,2,Month-to-month,DSL,113.58761960207532,6906.154644029325,No,No,No,Yes,Yes,Yes,No
879,55,2 year,Cable,102.3205130804707,7379.67749645196,Yes,No,No,No,Yes,Yes,No
880,33,2 year,DSL,39.973927918511016,7493.690291346614,No,No,Yes,Yes,No,Yes,No
881,48,1 year,DSL,93.25386542076532,2555.610443754967,Yes,No,No,Yes,No,No,No
882,7,2 year,Fiber optic,38.234346108617174,5681.167876133656,No,No,No,Yes,Yes,Yes,No
883,42,2 year,Fiber optic,56.816045662186994,7418.4418659470275,No,Yes,No,Yes,No,Yes,No
884,21,1 year,Cable,99.67801395999096,1074.7780729692695,Yes,Yes,Yes,Yes,No,No,No
885,52,1 year,Cable,85.63582186936588,6528.407025589118,Yes,Yes,Yes,Yes,No,No,Yes
886,63,2 year,Cable,71.61147457585501,5357.995925065696,No,No,No,Yes,No,Yes,No
887,68,2 year,Cable,108.61060705428906,584.5996778145536,Yes,Yes,Yes,No,No,Yes,Yes
888,31,Month-to-month,Cable,76.52654699870389,1225.329985891161,No,Yes,No,Yes,No,Yes,No
889,16,2 year,Fiber optic,44.613500699866464,4282.886276577025,Yes,Yes,No,No,Yes,No,No
890,18,2 year,Fiber optic,30.989271765673646,2400.284928521434,No,Yes,No,Yes,No,No,No
891,50,1 year,Fiber optic,103.71649013037074,1559.5049012606253,Yes,Yes,No,Yes,Yes,No,Yes
892,6,1 year,DSL,86.06127378873325,4454.501187654617,No,No,No,No,No,Yes,No
893,64,2 year,Fiber optic,54.39140151866843,7528.992506275671,No,No,Yes,No,No,Yes,No
894,3,2 year,DSL,97.9501901724492,3878.089139398573,Yes,Yes,No,Yes,No,Yes,No
895,54,1 year,DSL,26.50731326354289,3465.765822194958,Yes,Yes,Yes,Yes,Yes,Yes,Yes
896,64,1 year,DSL,113.6306668946179,959.2909390840645,No,No,No,Yes,No,No,No
897,61,Month-to-month,Fiber optic,37.58382113145741,826.0719897187034,Yes,No,Yes,No,No,Yes,No
898,62,1 year,Fiber optic,96.58126537170327,6268.752623938191,No,No,No,Yes,No,Yes,No
899,4,1 year,Cable,105.26646188919437,6869.235707355924,No,Yes,No,Yes,No,Yes,Yes
900,12,Month-to-month,Fiber optic,64.93333825004456,7915.455722566328,No,No,No,No,Yes,No,No
901,53,1 year,Fiber optic,23.80275848699364,1101.009032770564,No,No,Yes,Yes,No,Yes,No
902,50,1 year,Fiber optic,51.09135507000078,6028.7976226951305,No,Yes,No,Yes,No,Yes,No
903,22,Month-to-month,Fiber optic,60.171543819268074,7202.049083176784,No,No,Yes,Yes,No,No,No
904,2,1 year,Cable,70.4096362163277,2830.028517773058,Yes,No,Yes,Yes,Yes,No,Yes
905,31,1 year,Fiber optic,59.91678459365553,7436.899998548421,Yes,No,Yes,Yes,No,Yes,No
906,51,1 year,Cable,89.26065730354904,4880.743910175969,Yes,No,Yes,Yes,Yes,No,No
907,13,1 year,DSL,88.8272042426924,3433.983511253166,No,Yes,No,Yes,Yes,Yes,Yes
908,33,2 year,DSL,111.56594746981068,6451.43376844437,Yes,No,No,No,Yes,Yes,Yes
909,29,1 year,Fiber optic,71.05202081184254,4636.938321713334,Yes,No,No,No,Yes,Yes,No
910,29,Month-to-month,Cable,55.60783734765689,4396.485779636434,No,No,Yes,No,No,No,No
911,56,1 year,Cable,26.99093448906991,1782.5737108761982,Yes,Yes,No,Yes,Yes,No,No
912,52,2 year,Fiber optic,109.22333208261333,7702.176256552229,Yes,Yes,No,Yes,No,Yes,No
913,20,2 year,Cable,36.098108169869775,2702.700876174573,No,Yes,No,Yes,No,Yes,No
914,21,2 year,DSL,95.87070626456513,2880.701098903234,Yes,No,Yes,Yes,Yes,Yes,No
915,15,Month-to-month,Fiber optic,38.117860393987684,554.6231588274193,No,Yes,No,No,No,Yes,Yes
916,65,1 year,DSL,97.20769924879744,6294.144731837881,Yes,Yes,No,No,No,Yes,No
917,53,2 year,DSL,32.383614829684134,2368.475748348189,Yes,Yes,Yes,No,No,Yes,No
918,2,1 year,Cable,55.255264937326366,1223.6479293721306,Yes,Yes,No,No,Yes,No,Yes
919,11,Month-to-month,Fiber optic,114.88671358705386,6246.261484558158,Yes,Yes,No,Yes,Yes,Yes,No
920,60,Month-to-month,Cable,66.20184256391315,6585.250310904109,No,No,Yes,Yes,Yes,Yes,No
921,4,Month-to-month,Fiber optic,37.59116948867656,2056.342871377451,No,No,No,Yes,Yes,Yes,No
922,46,Month-to-month,Cable,47.85341938604843,6708.57325554769,Yes,No,No,No,No,Yes,No
923,31,1 year,DSL,23.212465490990656,5165.214505524956,No,No,Yes,Yes,No,No,Yes
924,71,Month-to-month,Cable,20.306644415966606,2467.748090243603,No,No,No,Yes,No,Yes,No
925,3,1 year,Fiber optic,114.2025539150248,4052.842769391115,Yes,Yes,Yes,No,Yes,No,Yes
926,54,1 year,DSL,107.42705892318754,1415.554207750474,No,No,Yes,No,No,Yes,No
927,46,1 year,Cable,66.95021149849339,5446.529255965457,No,No,Yes,No,No,Yes,No
928,25,1 year,DSL,75.45353659546885,3449.1938124543412,No,No,Yes,Yes,Yes,Yes,No
929,17,2 year,Fiber optic,70.46701756520588,3401.9140892300557,No,No,Yes,No,Yes,No,Yes
930,45,2 year,Fiber optic,84.29193683777659,1294.3518041424043,No,No,No,No,Yes,Yes,No
931,6,Month-to-month,Cable,31.120693258035253,7222.42806505114,No,No,Yes,Yes,No,No,No
932,56,Month-to-month,Fiber optic,80.47554178873511,3958.2328058832795,No,Yes,Yes,No,No,No,Yes
933,6,2 year,Fiber optic,67.48084386312115,3655.242377034606,No,Yes,Yes,No,Yes,No,No
934,33,Month-to-month,Fiber optic,89.54295792230573,7185.564052154026,No,No,Yes,Yes,Yes,Yes,No
935,17,1 year,DSL,89.67559945575591,6344.886463029387,Yes,No,Yes,No,No,No,No
936,44,2 year,Cable,48.15210420686197,808.5342875878948,No,No,Yes,Yes,No,No,No
937,51,Month-to-month,DSL,116.18809488372823,4605.190911935032,No,No,No,No,Yes,Yes,No
938,18,Month-to-month,Fiber optic,46.53702308717874,6730.767176897997,No,No,Yes,No,No,Yes,No
939,71,1 year,DSL,56.928053025331664,3834.4273387091666,No,No,Yes,Yes,No,No,No
940,16,2 year,Cable,52.22081163233749,3539.5038261069585,No,Yes,Yes,No,Yes,No,Yes
941,55,1 year,DSL,73.71847286964714,7279.69316570142,Yes,Yes,No,No,Yes,Yes,No
942,40,2 year,Cable,46.85066872046892,4278.353232751991,No,No,Yes,No,Yes,Yes,No
943,64,Month-to-month,DSL,40.98870981001581,1250.8735977376145,No,Yes,No,Yes,No,Yes,No
944,60,Month-to-month,Fiber optic,20.01160524665237,5563.049573641339,No,No,No,Yes,Yes,No,Yes
945,25,1 year,Cable,75.91897367285966,5023.340425055284,Yes,No,No,Yes,Yes,Yes,Yes
946,39,1 year,Fiber optic,68.20919263803805,6731.334688646253,No,Yes,Yes,No,No,Yes,Yes
947,46,Month-to-month,Cable,60.03445713620696,2339.1107653764475,No,No,Yes,Yes,No,No,Yes
948,34,1 year,Cable,46.32346483165794,2472.8259560784704,No,Yes,Yes,Yes,Yes,Yes,Yes
949,3,2 year,DSL,63.45174441678699,1611.7137714504636,Yes,No,Yes,Yes,No,No,No
950,8,Month-to-month,Fiber optic,118.89498192076219,2351.7323952733964,No,No,Yes,No,Yes,No,No
951,21,2 year,Cable,89.78943754719896,6959.561769413835,No,No,Yes,Yes,No,Yes,Yes
952,3,1 year,Cable,82.13917279230726,7250.368679050196,Yes,Yes,Yes,Yes,Yes,No,Yes
953,60,Month-to-month,Cable,26.647361405355014,7067.009778695172,No,Yes,Yes,No,No,Yes,No
954,70,2 year,Cable,119.22767911081353,3423.850450640721,No,No,No,Yes,No,No,Yes
955,6,2 year,Cable,93.0871466065655,3486.880182795636,Yes,Yes,Yes,Yes,Yes,Yes,No
956,8,2 year,DSL,78.77374623020727,4673.080622428868,Yes,Yes,Yes,No,Yes,No,No
957,21,Month-to-month,Cable,54.64855665629686,5340.828431282836,No,No,No,Yes,Yes,No,Yes
958,16,Month-to-month,DSL,73.09910195567889,7237.641760033207,No,Yes,Yes,Yes,Yes,Yes,Yes
959,31,Month-to-month,Fiber optic,26.674382100742893,3222.567831151853,No,Yes,No,Yes,Yes,No,No
960,37,1 year,Fiber optic,43.75395527993355,6658.958948513616,No,No,Yes,Yes,No,No,No
961,57,1 year,Fiber optic,79.38820312552335,5613.0916696993,Yes,Yes,Yes,Yes,No,No,Yes
962,61,2 year,Fiber optic,86.91763659052057,7454.961071623598,No,No,Yes,No,No,No,No
963,25,Month-to-month,Fiber optic,73.247742665066,4921.413320731744,No,No,No,No,No,Yes,No
964,65,2 year,DSL,96.44010874635063,7660.982889626281,No,Yes,Yes,Yes,No,Yes,No
965,67,1 year,Cable,31.656356676739932,2253.0485817113045,Yes,No,No,Yes,No,Yes,Yes
966,55,2 year,Fiber optic,107.70765290502722,6071.345990510681,Yes,No,Yes,Yes,Yes,No,Yes
967,12,1 year,Cable,102.82569182413924,3663.325781820934,Yes,No,No,Yes,Yes,No,No
968,24,1 year,Cable,79.3112051402814,4756.254770948893,Yes,Yes,Yes,No,No,Yes,Yes
969,48,Month-to-month,DSL,79.53601423296325,6341.815174101317,Yes,Yes,Yes,Yes,Yes,Yes,No
970,69,1 year,Cable,31.091600057758477,4863.555218381292,Yes,No,No,No,No,Yes,No
971,22,Month-to-month,Cable,111.14786655335088,2439.588641953747,Yes,No,No,No,Yes,Yes,Yes
972,37,2 year,DSL,52.18534336701613,5499.001335779003,No,Yes,No,No,No,Yes,Yes
973,65,Month-to-month,Fiber optic,119.97739966986802,2387.690233424561,Yes,No,No,Yes,No,No,No
974,32,2 year,Cable,30.108372420011356,6670.823906605484,Yes,Yes,No,Yes,Yes,No,No
975,24,Month-to-month,Fiber optic,92.92323296902971,4807.697406451985,No,No,Yes,Yes,No,No,Yes
976,48,1 year,Fiber optic,104.3600460676634,1872.638205375113,No,No,Yes,No,No,No,No
977,16,Month-to-month,DSL,30.319196390901965,696.133766418053,Yes,No,No,No,No,No,Yes
978,20,1 year,Fiber optic,70.56921204002045,1431.1929470942816,Yes,Yes,Yes,Yes,Yes,No,Yes
979,14,2 year,DSL,34.53930735590247,6261.538785714308,No,Yes,No,Yes,No,No,No
980,44,Month-to-month,Cable,87.41304511612492,6641.241247150899,Yes,Yes,Yes,Yes,Yes,No,No
981,30,1 year,Fiber optic,53.96556441455439,4483.8933150387475,Yes,Yes,Yes,Yes,Yes,No,No
982,34,2 year,DSL,107.20818711672976,2187.258287921857,No,Yes,Yes,Yes,No,Yes,Yes
983,5,2 year,DSL,42.74262636887086,4092.8205241273545,No,No,No,No,No,No,No
984,14,Month-to-month,DSL,85.0613600332834,5177.6040748162195,Yes,Yes,Yes,Yes,Yes,Yes,No
985,44,2 year,Cable,81.29373551567582,5923.712959790006,Yes,Yes,No,No,Yes,No,Yes
986,26,Month-to-month,Fiber optic,87.67833960170465,430.5835423911841,Yes,No,No,Yes,No,No,No
987,47,Month-to-month,Cable,41.80584430632286,2207.2340859518813,No,No,Yes,No,Yes,No,No
988,49,Month-to-month,Fiber optic,30.030230076272495,1317.1420215932262,No,No,No,Yes,Yes,No,No
989,23,1 year,DSL,42.28292017986807,7563.86705511283,Yes,No,Yes,No,Yes,Yes,Yes
990,33,1 year,DSL,83.61557957016448,1308.7883485143695,Yes,Yes,Yes,Yes,No,No,No
991,68,Month-to-month,Fiber optic,68.83812612223784,7597.513327743901,No,No,No,Yes,Yes,Yes,Yes
992,5,1 year,Cable,98.53980378117164,6623.825339594133,No,No,Yes,No,No,No,Yes
993,27,1 year,Fiber optic,93.79224695099838,6315.870374553912,No,No,Yes,Yes,No,No,No
994,44,2 year,DSL,69.50494864935709,3673.3668613102604,Yes,Yes,No,Yes,No,No,No
995,9,2 year,Cable,109.26834643162361,3421.2001045738075,No,Yes,Yes,No,No,No,No
996,22,2 year,DSL,107.30511107903033,6700.184311848872,No,No,No,No,Yes,Yes,No
997,36,Month-to-month,DSL,67.04564061728219,239.13466978611552,No,Yes,Yes,Yes,Yes,No,No
998,67,2 year,Fiber optic,93.0867571366345,4339.82866109156,No,No,No,Yes,No,No,No
999,34,2 year,DSL,97.93961880524273,4846.024044221088,No,No,Yes,No,No,Yes,No
